0.0,0.0,0.0,-0.45,0.8999999999999999,-0.45,0.0,0.0,0.0,-0.45,0.8999999999999999,-0.45,0.0
0.0,0.0,0.0,-0.45,0.8999999999999999,-0.45,0.0,0.0,0.0,-0.45,0.8999999999999999,-0.45,0.0
0.0,0.0,0.0,-0.45,0.8999999999999999,-0.45,0.0,0.0,0.0,-0.45,0.8999999999999999,-0.45,0.0
0.0,0.0,0.0,-0.45,0.8999999999999999,-0.45,0.0,0.0,0.0,-0.45,0.8999999999999999,-0.45,0.0
0.0,0.0,0.0,-0.45,0.8999999999999999,-0.45,0.0,0.0,0.0,-0.45,0.8999999999999999,-0.45,0.0
0.0,0.0,0.0,-0.45,0.8999999999999999,-0.45,0.0,0.0,0.0,-0.45,0.8999999999999999,-0.45,0.0
0.0,0.0,0.0,-0.45,0.8999999999999999,-0.45,0.0,0.0,0.0,-0.45,0.8999999999999999,-0.45,0.0
0.0,0.0,0.0,-0.45,0.8999999999999999,-0.45,0.0,0.0,0.0,-0.45,0.8999999999999999,-0.45,0.0
0.0,0.0,0.0,-0.45,0.8999999999999999,-0.45,0.0,0.0,0.0,-0.45,0.8999999999999999,-0.45,0.0
0.0,0.0,0.0,-0.45,0.8999999999999999,-0.45,0.0,0.0,0.0,-0.45,0.8999999999999999,-0.45,0.0
0.0,0.0,0.0,-0.45,0.8999999999999999,-0.45,0.0,0.0,0.0,-0.45,0.8999999999999999,-0.45,0.0
0.0,0.0,0.0,-0.45,0.8999999999999999,-0.45,0.0,0.0,0.0,-0.45,0.8999999999999999,-0.45,0.0
0.0,0.0,0.0,-0.45,0.8999999999999999,-0.45,0.0,0.0,0.0,-0.45,0.8999999999999999,-0.45,0.0
0.0,0.0,0.0,-0.45,0.8999999999999999,-0.45,0.0,0.0,0.0,-0.45,0.8999999999999999,-0.45,0.0
0.0,0.0,0.0,-0.45,0.8999999999999999,-0.45,0.0,0.0,0.0,-0.45,0.8999999999999999,-0.45,0.0
0.0,0.0,0.0,-0.45,0.8999999999999999,-0.45,0.0,0.0,0.0,-0.45,0.8999999999999999,-0.45,0.0
0.0,0.0,0.0,-0.45,0.8999999999999999,-0.45,0.0,0.0,0.0,-0.45,0.8999999999999999,-0.45,0.0
0.0,0.0,0.0,-0.45,0.8999999999999999,-0.45,0.0,0.0,0.0,-0.45,0.8999999999999999,-0.45,0.0
0.0,0.0,0.0,-0.45,0.8999999999999999,-0.45,0.0,0.0,0.0,-0.45,0.8999999999999999,-0.45,0.0
0.0,0.0,0.0,-0.45,0.8999999999999999,-0.45,0.0,0.0,0.0,-0.45,0.8999999999999999,-0.45,0.0
0.0,0.0,0.0,-0.45,0.8999999999999999,-0.45,0.0,0.0,0.0,-0.45,0.8999999999999999,-0.45,0.0
0.0,0.0,0.0,-0.45,0.8999999999999999,-0.45,0.0,0.0,0.0,-0.45,0.8999999999999999,-0.45,0.0
0.0,0.0,0.0,-0.45,0.8999999999999999,-0.45,0.0,0.0,0.0,-0.45,0.8999999999999999,-0.45,0.0
0.0,0.0,0.0,-0.45,0.8999999999999999,-0.45,0.0,0.0,0.0,-0.45,0.8999999999999999,-0.45,0.0
0.0,0.0,0.0,-0.45,0.8999999999999999,-0.45,0.0,0.0,0.0,-0.45,0.8999999999999999,-0.45,0.0
0.0,0.0,0.0,-0.45,0.8999999999999999,-0.45,0.0,0.0,0.0,-0.45,0.8999999999999999,-0.45,0.0
0.0,0.0,0.0,-0.45,0.8999999999999999,-0.45,0.0,0.0,0.0,-0.45,0.8999999999999999,-0.45,0.0
0.0,0.0,0.0,-0.45,0.8999999999999999,-0.45,0.0,0.0,0.0,-0.45,0.8999999999999999,-0.45,0.0
0.0,0.0,0.0,-0.45,0.8999999999999999,-0.45,0.0,0.0,0.0,-0.45,0.8999999999999999,-0.45,0.0
0.0,0.0,0.0,-0.45,0.8999999999999999,-0.45,0.0,0.0,0.0,-0.45,0.8999999999999999,-0.45,0.0
0.0,0.0,0.0,-0.45,0.8999999999999999,-0.45,0.0,0.0,0.0,-0.45,0.8999999999999999,-0.45,0.0
0.0,0.0,0.0,-0.45,0.8999999999999999,-0.45,0.0,0.0,0.0,-0.45,0.8999999999999999,-0.45,0.0
0.0,0.0,0.0,-0.45,0.8999999999999999,-0.45,0.0,0.0,0.0,-0.45,0.8999999999999999,-0.45,0.0
0.0,0.0,0.0,-0.45,0.8999999999999999,-0.45,0.0,0.0,0.0,-0.45,0.8999999999999999,-0.45,0.0
0.0,0.0,0.0,-0.45,0.8999999999999999,-0.45,0.0,0.0,0.0,-0.45,0.8999999999999999,-0.45,0.0
0.0,0.0,0.0,-0.45,0.8999999999999999,-0.45,0.0,0.0,0.0,-0.45,0.8999999999999999,-0.45,0.0
0.0,0.0,0.0,-0.45,0.8999999999999999,-0.45,0.0,0.0,0.0,-0.45,0.8999999999999999,-0.45,0.0
0.0,0.0,0.0,-0.45,0.8999999999999999,-0.45,0.0,0.0,0.0,-0.45,0.8999999999999999,-0.45,0.0
0.0,0.0,0.0,-0.45,0.8999999999999999,-0.45,0.0,0.0,0.0,-0.45,0.8999999999999999,-0.45,0.0
0.0,0.0,0.0,-0.45,0.8999999999999999,-0.45,0.0,0.0,0.0,-0.45,0.8999999999999999,-0.45,0.0
0.0,0.0,0.0,-0.45,0.8999999999999999,-0.45,0.0,0.0,0.0,-0.45,0.8999999999999999,-0.45,0.0
0.0,0.0,0.0,-0.45,0.8999999999999999,-0.45,0.0,0.0,0.0,-0.45,0.8999999999999999,-0.45,0.0
0.0,0.0,0.0,-0.45,0.8999999999999999,-0.45,0.0,0.0,0.0,-0.45,0.8999999999999999,-0.45,0.0
0.0,0.0,0.0,-0.45,0.8999999999999999,-0.45,0.0,0.0,0.0,-0.45,0.8999999999999999,-0.45,0.0
0.0,0.0,0.0,-0.45,0.8999999999999999,-0.45,0.0,0.0,0.0,-0.45,0.8999999999999999,-0.45,0.0
0.0,0.0,0.0,-0.45,0.8999999999999999,-0.45,0.0,0.0,0.0,-0.45,0.8999999999999999,-0.45,0.0
0.0,0.0,0.0,-0.45,0.8999999999999999,-0.45,0.0,0.0,0.0,-0.45,0.8999999999999999,-0.45,0.0
0.0,0.0,0.0,-0.45,0.8999999999999999,-0.45,0.0,0.0,0.0,-0.45,0.8999999999999999,-0.45,0.0
0.0,0.0,0.0,-0.45,0.8999999999999999,-0.45,0.0,0.0,0.0,-0.45,0.8999999999999999,-0.45,0.0
0.0,0.0,0.0,-0.45,0.8999999999999999,-0.45,0.0,0.0,0.0,-0.45,0.8999999999999999,-0.45,0.0
0.0,0.0,0.0,-0.45,0.8999999999999999,-0.45,0.0,0.0,0.0,-0.45,0.8999999999999999,-0.45,0.0
0.0,0.0,-0.002,-0.4489999999999999,0.8989999999999999,-0.45,0.011000000000000001,0.0,-0.011000000000000001,-0.4489999999999999,0.8989999999999999,-0.451,0.011000000000000001
0.0,0.0,-0.003,-0.4469999999999999,0.8979999999999999,-0.4489999999999999,0.021,0.0,-0.021,-0.4469999999999999,0.8979999999999999,-0.451,0.021
0.0,0.0,-0.005,-0.4459999999999999,0.8959999999999999,-0.4469999999999999,0.031,0.0,-0.031,-0.4449999999999999,0.8959999999999999,-0.451,0.031
0.0,0.0,-0.006,-0.4449999999999999,0.8939999999999999,-0.4429999999999999,0.040999999999999995,0.0,-0.040999999999999995,-0.4429999999999999,0.8939999999999999,-0.451,0.040999999999999995
0.0,0.0,-0.008,-0.4429999999999999,0.8919999999999999,-0.4389999999999999,0.051,0.0,-0.051,-0.4409999999999999,0.8919999999999999,-0.451,0.051
0.0,0.0,-0.009000000000000001,-0.4419999999999999,0.8889999999999999,-0.4329999999999999,0.06,0.0,-0.06,-0.4389999999999999,0.8889999999999999,-0.45,0.06
0.0,0.0,-0.01,-0.4399999999999999,0.8859999999999999,-0.4269999999999999,0.069,0.0,-0.069,-0.4359999999999999,0.8859999999999999,-0.45,0.069
0.0,0.0,-0.012,-0.4389999999999999,0.8819999999999999,-0.4209999999999999,0.078,0.0,-0.078,-0.4329999999999999,0.8819999999999999,-0.4489999999999999,0.078
0.0,0.0,-0.013000000000000001,-0.4369999999999999,0.8789999999999999,-0.4159999999999999,0.085,0.0,-0.086,-0.4299999999999999,0.8789999999999999,-0.4479999999999999,0.086
0.0,0.0,-0.013999999999999999,-0.4339999999999999,0.8749999999999999,-0.41100000000000003,0.09300000000000001,0.0,-0.09300000000000001,-0.4279999999999999,0.8749999999999999,-0.4479999999999999,0.09300000000000001
0.0,0.0,-0.015,-0.4319999999999999,0.8719999999999999,-0.40700000000000003,0.1,0.0,-0.1,-0.4249999999999999,0.8719999999999999,-0.4469999999999999,0.1
0.0,0.0,-0.016,-0.4289999999999999,0.8679999999999999,-0.405,0.107,0.0,-0.107,-0.4219999999999999,0.8679999999999999,-0.4459999999999999,0.107
0.0,0.0,-0.017,-0.4259999999999999,0.8639999999999999,-0.403,0.113,0.0,-0.113,-0.4189999999999999,0.8639999999999999,-0.4459999999999999,0.113
0.0,0.0,-0.018000000000000002,-0.4229999999999999,0.8599999999999999,-0.403,0.11900000000000001,0.0,-0.11900000000000001,-0.4149999999999999,0.8599999999999999,-0.4449999999999999,0.11900000000000001
0.0,0.0,-0.019,-0.4199999999999999,0.8569999999999999,-0.402,0.125,0.0,-0.125,-0.41200000000000003,0.8559999999999999,-0.4439999999999999,0.125
0.0,0.0,-0.02,-0.4169999999999999,0.8529999999999999,-0.401,0.13,0.0,-0.131,-0.4159999999999999,0.8659999999999999,-0.45,0.131
0.0,0.0,-0.02,-0.414,0.8489999999999999,-0.401,0.135,0.0,-0.136,-0.4239999999999999,0.8839999999999999,-0.46,0.136
0.0,0.0,-0.021,-0.41100000000000003,0.8459999999999999,-0.401,0.139,0.0,-0.142,-0.4369999999999999,0.911,-0.473,0.142
0.0,0.0,-0.022000000000000002,-0.408,0.8419999999999999,-0.402,0.14400000000000002,0.0,-0.14800000000000002,-0.454,0.943,-0.4889999999999999,0.14800000000000002
0.0,0.0,-0.022000000000000002,-0.404,0.8390000000000001,-0.403,0.14800000000000002,0.0,-0.154,-0.474,0.979,-0.505,0.154
0.0,0.0,-0.023,-0.401,0.8359999999999999,-0.404,0.151,0.0,-0.16,-0.4949999999999999,1.014,-0.52,0.16
0.0,0.0,-0.023,-0.398,0.833,-0.406,0.155,0.0,-0.165,-0.516,1.0479999999999998,-0.5319999999999999,0.165
0.0,0.0,-0.024,-0.394,0.8299999999999998,-0.408,0.158,0.0,-0.17,-0.5369999999999999,1.0779999999999998,-0.5409999999999999,0.17
0.0,0.0,-0.024,-0.391,0.8270000000000001,-0.41,0.16,0.0,-0.174,-0.5559999999999999,1.101,-0.5449999999999999,0.174
0.0,0.0,-0.024,-0.388,0.825,-0.413,0.163,0.0,-0.17800000000000002,-0.573,1.116,-0.5429999999999999,0.17800000000000002
0.0,0.0,-0.025,-0.3849999999999999,0.823,-0.4149999999999999,0.165,0.0,-0.18100000000000002,-0.5870000000000001,1.122,-0.5349999999999999,0.18100000000000002
0.0,0.0,-0.025,-0.3819999999999999,0.82,-0.4179999999999999,0.16699999999999998,0.0,-0.183,-0.598,1.118,-0.52,0.183
0.0,0.0,-0.025,-0.3789999999999999,0.8190000000000001,-0.4199999999999999,0.168,0.0,-0.184,-0.603,1.101,-0.4979999999999999,0.184
0.0,0.0,-0.025,-0.3759999999999999,0.8170000000000001,-0.4219999999999999,0.17,0.0,-0.184,-0.611,1.087,-0.47600000000000003,0.184
0.0,0.0,-0.026000000000000002,-0.3729999999999999,0.816,-0.4249999999999999,0.171,0.0,-0.185,-0.619,1.0699999999999998,-0.451,0.185
0.0,0.0,-0.026000000000000002,-0.3709999999999999,0.8140000000000001,-0.4259999999999999,0.172,0.0,-0.184,-0.625,1.0499999999999998,-0.4239999999999999,0.184
0.0,0.0,-0.026000000000000002,-0.3679999999999999,0.8140000000000001,-0.4279999999999999,0.172,0.0,-0.184,-0.6299999999999999,1.0259999999999998,-0.396,0.184
0.0,0.0,-0.026000000000000002,-0.3659999999999999,0.813,-0.4299999999999999,0.172,0.0,-0.183,-0.6339999999999999,1.0,-0.3659999999999999,0.183
0.0,0.0,-0.026000000000000002,-0.363,0.8119999999999999,-0.4319999999999999,0.172,0.0,-0.182,-0.637,0.971,-0.33499999999999996,0.182
0.0,0.0,-0.026000000000000002,-0.361,0.8119999999999999,-0.4339999999999999,0.172,0.0,-0.18,-0.6379999999999999,0.94,-0.3029999999999999,0.18
0.0,0.0,-0.026000000000000002,-0.359,0.8119999999999999,-0.4359999999999999,0.172,0.0,-0.17800000000000002,-0.637,0.907,-0.26999999999999996,0.17800000000000002
0.0,0.0,-0.026000000000000002,-0.35700000000000004,0.813,-0.4389999999999999,0.171,0.0,-0.17600000000000002,-0.6339999999999999,0.8719999999999999,-0.23799999999999996,0.17600000000000002
0.0,0.0,-0.025,-0.354,0.813,-0.4409999999999999,0.17,0.0,-0.174,-0.629,0.835,-0.20599999999999996,0.174
0.0,0.0,-0.025,-0.35200000000000004,0.8140000000000001,-0.4439999999999999,0.16899999999999998,0.0,-0.171,-0.623,0.7979999999999999,-0.17499999999999993,0.171
0.0,0.0,-0.025,-0.35,0.815,-0.4469999999999999,0.16699999999999998,0.0,-0.168,-0.615,0.7609999999999999,-0.14599999999999996,0.168
0.0,0.0,-0.025,-0.348,0.816,-0.451,0.165,0.0,-0.165,-0.606,0.7229999999999999,-0.11699999999999995,0.165
0.0,0.0,-0.024,-0.34600000000000003,0.8170000000000001,-0.454,0.163,0.0,-0.162,-0.596,0.6869999999999999,-0.09099999999999996,0.162
0.0,0.0,-0.024,-0.344,0.8190000000000001,-0.458,0.161,0.0,-0.159,-0.584,0.6509999999999999,-0.06699999999999995,0.159
0.0,0.0,-0.024,-0.34199999999999997,0.82,-0.461,0.158,0.0,-0.155,-0.5720000000000001,0.617,-0.04499999999999993,0.155
0.0,0.0,-0.023,-0.33999999999999997,0.8220000000000001,-0.465,0.155,0.0,-0.151,-0.5589999999999999,0.5839999999999999,-0.02499999999999997,0.151
0.0,0.0,-0.023,-0.33699999999999997,0.8240000000000001,-0.469,0.152,0.0,-0.147,-0.5459999999999999,0.5539999999999999,-0.007999999999999952,0.147
0.0,0.0,-0.022000000000000002,-0.33499999999999996,0.826,-0.474,0.14800000000000002,0.0,-0.14300000000000002,-0.5329999999999999,0.5259999999999999,0.007000000000000062,0.14300000000000002
0.0,0.0,-0.022000000000000002,-0.33299999999999996,0.828,-0.478,0.14400000000000002,0.0,-0.138,-0.5189999999999999,0.5009999999999999,0.019000000000000017,0.138
0.0,0.0,-0.021,-0.32999999999999996,0.8299999999999998,-0.483,0.14,0.0,-0.133,-0.506,0.4769999999999999,0.029000000000000026,0.133
0.0,0.0,-0.02,-0.32799999999999996,0.8319999999999999,-0.4879999999999999,0.136,0.0,-0.128,-0.4929999999999999,0.4569999999999999,0.03600000000000003,0.128
0.0,0.0,-0.02,-0.32499999999999996,0.835,-0.4919999999999999,0.131,0.0,-0.12300000000000001,-0.48100000000000004,0.4389999999999999,0.04200000000000004,0.12300000000000001
0.0,0.0,-0.019,-0.32199999999999995,0.8370000000000001,-0.4979999999999999,0.126,0.0,-0.11800000000000001,-0.47,0.4239999999999999,0.04500000000000004,0.11800000000000001
0.0,0.0,-0.018000000000000002,-0.31899999999999995,0.8390000000000001,-0.503,0.12,0.0,-0.11199999999999999,-0.46,0.4129999999999999,0.047000000000000035,0.11199999999999999
0.0,0.0,-0.017,-0.31599999999999995,0.841,-0.508,0.114,0.0,-0.105,-0.4239999999999999,0.3549999999999999,0.06900000000000006,0.105
0.0,0.0,-0.016,-0.3129999999999999,0.8429999999999999,-0.5129999999999999,0.10800000000000001,0.0,-0.099,-0.4269999999999999,0.3679999999999999,0.06000000000000005,0.099
0.0,0.0,-0.015,-0.3089999999999999,0.8449999999999999,-0.5189999999999999,0.10099999999999999,0.0,-0.09300000000000001,-0.4299999999999999,0.3799999999999999,0.05000000000000005,0.09300000000000001
0.0,0.0,-0.013999999999999999,-0.3049999999999999,0.8469999999999999,-0.5259999999999999,0.094,0.0,-0.087,-0.4319999999999999,0.3919999999999999,0.04000000000000003,0.087
0.0,0.0,-0.013000000000000001,-0.2999999999999999,0.8479999999999999,-0.5329999999999999,0.087,0.0,-0.08,-0.4339999999999999,0.4039999999999999,0.030000000000000027,0.08
0.0,0.0,-0.012,-0.2949999999999999,0.8489999999999999,-0.5399999999999999,0.079,0.0,-0.07200000000000001,-0.4359999999999999,0.4159999999999999,0.020000000000000014,0.07200000000000001
0.0,0.0,-0.011000000000000001,-0.2899999999999999,0.8499999999999999,-0.5479999999999999,0.071,0.0,-0.065,-0.4369999999999999,0.4269999999999999,0.010000000000000064,0.065
0.0,0.0,-0.009000000000000001,-0.2839999999999999,0.8499999999999999,-0.5559999999999999,0.062,0.0,-0.055999999999999994,-0.4379999999999999,0.4389999999999999,5.551115123125783e-17,0.055999999999999994
0.0,0.0,-0.008,-0.27799999999999997,0.8499999999999999,-0.565,0.053,0.0,-0.048,-0.4389999999999999,0.4489999999999999,-0.009999999999999952,0.048
0.0,0.0,-0.006,-0.27099999999999996,0.8489999999999999,-0.573,0.043,0.0,-0.039,-0.4389999999999999,0.4589999999999999,-0.01999999999999996,0.039
0.0,0.0,-0.005,-0.26399999999999996,0.8469999999999999,-0.58,0.033,0.0,-0.028999999999999998,-0.4379999999999999,0.4689999999999999,-0.029999999999999968,0.028999999999999998
0.0,0.0,-0.003,-0.25699999999999995,0.8449999999999999,-0.5870000000000001,0.022000000000000002,0.0,-0.02,-0.4379999999999999,0.4769999999999999,-0.03999999999999998,0.02
0.0,0.0,-0.002,-0.2489999999999999,0.8429999999999999,-0.593,0.012,0.0,-0.01,-0.4359999999999999,0.4849999999999999,-0.04899999999999993,0.01
0.0,0.0,0.0,-0.24099999999999994,0.8399999999999999,-0.598,0.001,0.0,0.001,-0.4339999999999999,0.4919999999999999,-0.05799999999999994,-0.001
0.0,0.0,0.002,-0.23299999999999996,0.8359999999999999,-0.603,-0.01,0.0,0.011000000000000001,-0.4309999999999999,0.4989999999999999,-0.06699999999999995,-0.011000000000000001
0.0,0.0,0.003,-0.22399999999999995,0.831,-0.607,-0.021,0.0,0.021,-0.4279999999999999,0.5039999999999999,-0.07599999999999996,-0.021
0.0,0.0,0.003,-0.19899999999999995,0.816,-0.6689999999999999,-0.032,0.0,0.023,-0.4149999999999999,0.5169999999999999,-0.17199999999999993,-0.032
0.0,0.0,0.003,-0.18999999999999995,0.8099999999999999,-0.6709999999999999,-0.032,0.0,0.023,-0.41,0.5199999999999999,-0.17899999999999994,-0.032
0.0,0.0,0.003,-0.18099999999999994,0.8029999999999999,-0.6719999999999999,-0.032,0.0,0.023,-0.406,0.5219999999999999,-0.18499999999999991,-0.032
0.0,0.0,0.003,-0.17299999999999993,0.7959999999999999,-0.6709999999999999,-0.032,0.0,0.023,-0.401,0.5229999999999999,-0.18999999999999995,-0.032
0.0,0.0,0.003,-0.16399999999999998,0.7889999999999999,-0.6679999999999999,-0.032,0.0,0.023,-0.395,0.5229999999999999,-0.19399999999999995,-0.032
0.0,0.0,0.003,-0.15599999999999994,0.7819999999999999,-0.6629999999999999,-0.032,0.0,0.023,-0.39,0.5219999999999999,-0.19699999999999995,-0.032
0.0,0.0,0.003,-0.14899999999999994,0.7749999999999999,-0.6569999999999999,-0.032,0.0,0.023,-0.3839999999999999,0.5209999999999999,-0.19899999999999995,-0.032
0.0,0.0,0.003,-0.14099999999999996,0.7679999999999999,-0.6509999999999999,-0.032,0.0,0.023,-0.3779999999999999,0.5189999999999999,-0.20099999999999996,-0.032
0.0,0.0,0.003,-0.13399999999999995,0.7599999999999999,-0.6439999999999999,-0.032,0.0,0.023,-0.3729999999999999,0.5169999999999999,-0.20199999999999996,-0.032
0.0,0.0,0.057999999999999996,-0.12699999999999995,0.7519999999999999,-0.637,-0.032,0.0,0.023,-0.3669999999999999,0.5139999999999999,-0.20299999999999996,-0.032
0.0,0.0,0.068,-0.11899999999999995,0.7439999999999999,-0.6319999999999999,-0.032,0.0,0.023,-0.361,0.5109999999999999,-0.20399999999999996,-0.032
0.0,0.0,0.077,-0.11099999999999992,0.7359999999999999,-0.6279999999999999,-0.043,0.0,0.025,-0.355,0.5069999999999999,-0.20599999999999996,-0.042
0.0,0.0,0.086,-0.10299999999999998,0.7269999999999999,-0.625,-0.054000000000000006,0.0,0.027999999999999997,-0.349,0.5029999999999999,-0.20699999999999996,-0.052000000000000005
0.0,0.0,0.095,-0.09499999999999996,0.718,-0.623,-0.065,0.0,0.03,-0.34299999999999997,0.4999999999999999,-0.20899999999999996,-0.062
0.0,0.0,0.10300000000000001,-0.08699999999999998,0.7089999999999999,-0.6219999999999999,-0.075,0.0,0.033,-0.33599999999999997,0.4959999999999999,-0.21099999999999994,-0.071
0.0,0.0,0.111,-0.07899999999999996,0.7,-0.621,-0.085,0.0,0.035,-0.33099999999999996,0.4919999999999999,-0.21299999999999994,-0.08
0.0,0.0,0.11800000000000001,-0.07899999999999996,0.7140000000000001,-0.633,-0.094,0.0,0.037000000000000005,-0.32499999999999996,0.4869999999999999,-0.21499999999999994,-0.08900000000000001
0.0,0.0,0.125,-0.07899999999999996,0.7429999999999999,-0.653,-0.10300000000000001,0.0,0.039,-0.31899999999999995,0.4829999999999999,-0.21599999999999991,-0.098
0.0,0.0,0.132,-0.07899999999999996,0.7859999999999999,-0.6799999999999999,-0.11199999999999999,0.0,0.040999999999999995,-0.3129999999999999,0.4789999999999999,-0.21799999999999992,-0.106
0.0,0.0,0.138,-0.07899999999999996,0.8390000000000001,-0.7120000000000001,-0.12,0.0,0.043,-0.3079999999999999,0.4749999999999999,-0.21899999999999992,-0.114
0.0,0.0,0.14300000000000002,-0.07899999999999996,0.8969999999999999,-0.7469999999999999,-0.128,0.0,0.044000000000000004,-0.3029999999999999,0.4709999999999999,-0.21999999999999995,-0.121
0.0,0.0,0.15,-0.07899999999999996,0.8749999999999999,-0.7329999999999999,-0.135,0.0,0.046,-0.2979999999999999,0.4679999999999999,-0.22199999999999995,-0.128
0.0,0.0,0.156,-0.16799999999999998,0.932,-0.764,-0.142,0.0,0.048,-0.2929999999999999,0.4639999999999999,-0.22299999999999995,-0.134
0.0,0.0,0.163,-0.19399999999999995,0.984,-0.7909999999999999,-0.149,0.0,0.049,-0.2879999999999999,0.4609999999999999,-0.22399999999999995,-0.14
0.0,0.0,0.16899999999999998,-0.21699999999999992,1.028,-0.8109999999999999,-0.155,0.0,0.051,-0.2839999999999999,0.4579999999999999,-0.22499999999999995,-0.146
0.0,0.0,0.17600000000000002,-0.23899999999999996,1.0619999999999998,-0.823,-0.161,0.0,0.052000000000000005,-0.2799999999999999,0.4549999999999999,-0.22699999999999995,-0.151
0.0,0.0,0.27899999999999997,-0.25699999999999995,1.084,-0.826,-0.16699999999999998,0.0,0.053,-0.27599999999999997,0.4519999999999999,-0.22799999999999995,-0.156
0.0,0.0,0.287,-0.27299999999999996,1.093,-0.82,-0.17300000000000001,0.0,0.054000000000000006,-0.27199999999999996,0.4499999999999999,-0.22999999999999995,-0.161
0.0,0.0,0.295,-0.2839999999999999,1.086,-0.8019999999999999,-0.18,0.0,0.055,-0.26899999999999996,0.4479999999999999,-0.23099999999999996,-0.165
0.0,0.0,0.302,-0.2979999999999999,1.085,-0.7869999999999999,-0.187,0.0,0.055999999999999994,-0.26499999999999996,0.4459999999999999,-0.23299999999999996,-0.17
0.0,0.0,0.308,-0.3129999999999999,1.082,-0.7689999999999999,-0.19399999999999998,0.0,0.057,-0.26199999999999996,0.4449999999999999,-0.23399999999999996,-0.17300000000000001
0.0,0.0,0.312,-0.32799999999999996,1.0759999999999998,-0.748,-0.29600000000000004,0.0,0.057999999999999996,-0.25999999999999995,0.4439999999999999,-0.23599999999999996,-0.177
0.0,0.0,0.314,-0.34199999999999997,1.067,-0.725,-0.304,0.0,0.059000000000000004,-0.25699999999999995,0.4439999999999999,-0.23799999999999996,-0.18
0.0,0.0,0.314,-0.35600000000000004,1.055,-0.6990000000000001,-0.312,0.0,0.059000000000000004,-0.25499999999999995,0.4429999999999999,-0.23999999999999996,-0.183
0.0,0.0,0.315,-0.3679999999999999,1.04,-0.6719999999999999,-0.319,0.0,0.06,-0.25299999999999995,0.4439999999999999,-0.24199999999999994,-0.185
0.0,0.0,0.315,-0.3789999999999999,1.0219999999999998,-0.6439999999999999,-0.325,0.0,0.061,-0.25199999999999995,0.4439999999999999,-0.24399999999999994,-0.188
0.0,0.0,0.314,-0.388,1.002,-0.614,-0.32899999999999996,0.0,0.061,-0.2499999999999999,0.4449999999999999,-0.24599999999999994,-0.19
0.0,0.0,0.313,-0.394,0.979,-0.584,-0.331,0.0,0.062,-0.2499999999999999,0.4469999999999999,-0.2479999999999999,-0.192
0.0,0.0,0.311,-0.399,0.953,-0.5539999999999999,-0.332,0.0,0.062,-0.2489999999999999,0.4489999999999999,-0.2479999999999999,-0.193
0.0,0.0,0.309,-0.402,0.926,-0.5239999999999999,-0.332,0.0,0.062,-0.2489999999999999,0.4509999999999999,-0.2489999999999999,-0.195
0.0,0.0,0.306,-0.402,0.8969999999999999,-0.4949999999999999,-0.332,0.0,0.062,-0.2489999999999999,0.4539999999999999,-0.2479999999999999,-0.196
0.0,0.0,0.303,-0.4,0.8659999999999999,-0.466,-0.331,0.0,0.063,-0.2499999999999999,0.4569999999999999,-0.24599999999999994,-0.196
0.0,0.0,0.299,-0.396,0.835,-0.4389999999999999,-0.33,0.0,0.063,-0.25099999999999995,0.4599999999999999,-0.24399999999999994,-0.19699999999999998
0.0,0.0,0.29600000000000004,-0.39,0.8019999999999999,-0.413,-0.32799999999999996,0.0,0.063,-0.25299999999999995,0.4639999999999999,-0.24099999999999994,-0.19699999999999998
0.0,0.0,0.292,-0.3819999999999999,0.7689999999999999,-0.388,-0.326,0.0,0.063,-0.25399999999999995,0.4679999999999999,-0.23799999999999996,-0.19699999999999998
0.0,0.0,0.28800000000000003,-0.3719999999999999,0.7359999999999999,-0.3649999999999999,-0.32299999999999995,0.0,0.063,-0.25599999999999995,0.4719999999999999,-0.23499999999999996,-0.19699999999999998
0.0,0.0,0.28300000000000003,-0.361,0.7040000000000001,-0.34299999999999997,-0.32,0.0,0.063,-0.25799999999999995,0.4759999999999999,-0.23299999999999996,-0.196
0.0,0.0,0.27899999999999997,-0.348,0.6709999999999999,-0.32299999999999995,-0.317,0.0,0.062,-0.25999999999999995,0.4809999999999999,-0.23099999999999996,-0.196
0.0,0.0,0.27399999999999997,-0.33499999999999996,0.6399999999999999,-0.3049999999999999,-0.313,0.0,0.062,-0.26199999999999996,0.4859999999999999,-0.23099999999999996,-0.195
0.0,0.0,0.26899999999999996,-0.32099999999999995,0.609,-0.2879999999999999,-0.309,0.0,0.062,-0.26399999999999996,0.4909999999999999,-0.23099999999999996,-0.19399999999999998
0.0,0.0,0.264,-0.355,0.6739999999999999,-0.31999999999999995,-0.305,0.0,0.062,-0.26599999999999996,0.4959999999999999,-0.23299999999999996,-0.192
0.0,0.0,0.258,-0.34099999999999997,0.6469999999999999,-0.3059999999999999,-0.3,0.0,0.061,-0.26699999999999996,0.5019999999999999,-0.23499999999999996,-0.19
0.0,0.0,0.253,-0.32699999999999996,0.6219999999999999,-0.2949999999999999,-0.29600000000000004,0.0,0.061,-0.26899999999999996,0.5069999999999999,-0.23799999999999996,-0.188
0.0,0.0,0.247,-0.31499999999999995,0.599,-0.2849999999999999,-0.29100000000000004,0.0,0.06,-0.27099999999999996,0.5129999999999999,-0.24199999999999994,-0.18600000000000003
0.0,0.0,0.242,-0.27299999999999996,0.5189999999999999,-0.24599999999999994,-0.28600000000000003,0.0,0.06,-0.27299999999999996,0.5189999999999999,-0.24599999999999994,-0.184
0.0,0.0,0.149,-0.27399999999999997,0.5239999999999999,-0.2499999999999999,-0.281,0.0,0.059000000000000004,-0.27399999999999997,0.5239999999999999,-0.2499999999999999,-0.18100000000000002
0.0,0.0,0.14400000000000002,-0.27599999999999997,0.5299999999999999,-0.25399999999999995,-0.276,0.0,0.057999999999999996,-0.27599999999999997,0.5299999999999999,-0.25399999999999995,-0.17800000000000002
0.0,0.0,0.138,-0.27799999999999997,0.5359999999999999,-0.25799999999999995,-0.27,0.0,0.057,-0.27799999999999997,0.5359999999999999,-0.25799999999999995,-0.174
0.0,0.0,0.132,-0.2799999999999999,0.5409999999999999,-0.26099999999999995,-0.265,0.0,0.055999999999999994,-0.2799999999999999,0.5409999999999999,-0.26099999999999995,-0.17
0.0,0.0,0.124,-0.2809999999999999,0.5459999999999999,-0.26499999999999996,-0.259,0.0,0.055,-0.2809999999999999,0.5459999999999999,-0.26499999999999996,-0.166
0.0,0.0,0.11800000000000001,-0.2829999999999999,0.5519999999999999,-0.26899999999999996,-0.16699999999999998,0.0,0.054000000000000006,-0.2829999999999999,0.5519999999999999,-0.26799999999999996,-0.162
0.0,0.0,0.11199999999999999,-0.2839999999999999,0.5559999999999999,-0.27199999999999996,-0.161,0.0,0.053,-0.2849999999999999,0.5559999999999999,-0.27199999999999996,-0.157
0.0,0.0,0.105,-0.2859999999999999,0.5609999999999999,-0.27499999999999997,-0.155,0.0,0.052000000000000005,-0.2859999999999999,0.5609999999999999,-0.27499999999999997,-0.152
0.0,0.0,0.098,-0.2869999999999999,0.565,-0.27799999999999997,-0.149,0.0,0.051,-0.2869999999999999,0.565,-0.27799999999999997,-0.147
0.0,0.0,0.09,-0.2879999999999999,0.5679999999999998,-0.2809999999999999,-0.141,0.0,0.049,-0.2879999999999999,0.5679999999999998,-0.2809999999999999,-0.141
0.0,0.0,0.08199999999999999,-0.2889999999999999,0.5719999999999998,-0.2829999999999999,-0.135,0.0,0.048,-0.2889999999999999,0.5719999999999998,-0.2829999999999999,-0.135
0.0,0.0,0.07400000000000001,-0.2889999999999999,0.5739999999999998,-0.2849999999999999,-0.129,0.0,0.046,-0.2889999999999999,0.5739999999999998,-0.2849999999999999,-0.129
0.0,0.0,0.065,-0.2889999999999999,0.5759999999999998,-0.2869999999999999,-0.122,0.0,0.045,-0.2889999999999999,0.5759999999999998,-0.2869999999999999,-0.122
0.0,0.0,0.055999999999999994,-0.2889999999999999,0.5770000000000001,-0.2879999999999999,-0.115,0.0,0.043,-0.2889999999999999,0.5770000000000001,-0.2879999999999999,-0.115
0.0,0.0,0.046,-0.2879999999999999,0.5770000000000001,-0.2889999999999999,-0.107,0.0,0.040999999999999995,-0.2879999999999999,0.5770000000000001,-0.2889999999999999,-0.107
0.0,0.0,0.036000000000000004,-0.2879999999999999,0.5770000000000001,-0.2889999999999999,-0.1,0.0,0.039,-0.2879999999999999,0.5770000000000001,-0.2889999999999999,-0.1
0.0,0.0,0.026000000000000002,-0.2879999999999999,0.5770000000000001,-0.2889999999999999,-0.091,0.0,0.037000000000000005,-0.2879999999999999,0.5770000000000001,-0.2889999999999999,-0.091
0.0,0.0,0.015,-0.2879999999999999,0.5770000000000001,-0.2889999999999999,-0.08199999999999999,0.0,0.035,-0.2879999999999999,0.5770000000000001,-0.2889999999999999,-0.08199999999999999
0.0,0.0,0.005,-0.2879999999999999,0.5770000000000001,-0.2889999999999999,-0.073,0.0,0.033,-0.2879999999999999,0.5770000000000001,-0.2889999999999999,-0.073
0.0,0.0,0.0,-0.2879999999999999,0.5770000000000001,-0.2889999999999999,-0.063,0.0,0.031,-0.2879999999999999,0.5770000000000001,-0.2889999999999999,-0.063
0.0,0.0,0.0,-0.2879999999999999,0.5770000000000001,-0.2889999999999999,-0.053,0.0,0.027999999999999997,-0.2879999999999999,0.5770000000000001,-0.2889999999999999,-0.053
0.0,0.0,0.0,-0.2879999999999999,0.5770000000000001,-0.2889999999999999,-0.043,0.0,0.026000000000000002,-0.2879999999999999,0.5770000000000001,-0.2889999999999999,-0.043
0.0,0.0,0.0,-0.2879999999999999,0.5770000000000001,-0.2889999999999999,-0.033,0.0,0.023,-0.2879999999999999,0.5770000000000001,-0.2889999999999999,-0.033
0.0,0.0,0.0,-0.2879999999999999,0.5770000000000001,-0.2889999999999999,-0.022000000000000002,0.0,0.021,-0.2879999999999999,0.5770000000000001,-0.2889999999999999,-0.022000000000000002
0.0,0.0,0.0,-0.2879999999999999,0.5770000000000001,-0.2889999999999999,-0.011000000000000001,0.0,0.0,-0.2879999999999999,0.5770000000000001,-0.2889999999999999,-0.011000000000000001
0.0,0.0,0.0,-0.2879999999999999,0.5770000000000001,-0.2889999999999999,-0.011000000000000001,0.0,0.0,-0.2879999999999999,0.5770000000000001,-0.2889999999999999,-0.011000000000000001
0.0,0.0,0.0,-0.2879999999999999,0.5770000000000001,-0.2889999999999999,-0.011000000000000001,0.0,0.0,-0.2879999999999999,0.5770000000000001,-0.2889999999999999,-0.011000000000000001
0.0,0.0,0.0,-0.2879999999999999,0.5770000000000001,-0.2889999999999999,-0.011000000000000001,0.0,0.0,-0.2879999999999999,0.5770000000000001,-0.2889999999999999,-0.011000000000000001
0.0,0.0,0.0,-0.2879999999999999,0.5770000000000001,-0.2889999999999999,-0.011000000000000001,0.0,0.0,-0.2879999999999999,0.5770000000000001,-0.2889999999999999,-0.011000000000000001
0.0,0.0,0.0,-0.2879999999999999,0.5770000000000001,-0.2889999999999999,-0.011000000000000001,0.0,0.0,-0.2879999999999999,0.5770000000000001,-0.2889999999999999,-0.011000000000000001
0.0,0.0,0.0,-0.2879999999999999,0.5770000000000001,-0.2889999999999999,-0.011000000000000001,0.0,0.0,-0.2879999999999999,0.5770000000000001,-0.2889999999999999,-0.011000000000000001
0.0,0.0,0.0,-0.2879999999999999,0.5770000000000001,-0.2889999999999999,-0.011000000000000001,0.0,0.0,-0.2879999999999999,0.5770000000000001,-0.2889999999999999,-0.011000000000000001
0.0,0.0,0.0,-0.2879999999999999,0.5770000000000001,-0.2889999999999999,-0.011000000000000001,0.0,0.0,-0.2879999999999999,0.5770000000000001,-0.2889999999999999,-0.011000000000000001
0.0,0.0,0.0,-0.2879999999999999,0.5770000000000001,-0.2889999999999999,-0.011000000000000001,0.0,0.0,-0.2879999999999999,0.5770000000000001,-0.2889999999999999,-0.011000000000000001
0.0,0.0,0.0,-0.2879999999999999,0.5770000000000001,-0.2889999999999999,-0.011000000000000001,0.0,0.0,-0.2879999999999999,0.5770000000000001,-0.2889999999999999,-0.011000000000000001
0.0,0.0,0.0,-0.2879999999999999,0.5770000000000001,-0.2889999999999999,-0.011000000000000001,0.0,0.0,-0.2879999999999999,0.5770000000000001,-0.2889999999999999,-0.011000000000000001
0.0,0.0,0.0,-0.2879999999999999,0.5770000000000001,-0.2889999999999999,-0.011000000000000001,0.0,0.0,-0.2879999999999999,0.5770000000000001,-0.2889999999999999,-0.011000000000000001
0.0,0.0,0.0,-0.2879999999999999,0.5770000000000001,-0.2889999999999999,-0.011000000000000001,0.0,0.0,-0.2879999999999999,0.5770000000000001,-0.2889999999999999,-0.011000000000000001
0.0,0.0,0.0,-0.2879999999999999,0.5770000000000001,-0.2889999999999999,-0.011000000000000001,0.0,0.0,-0.2879999999999999,0.5770000000000001,-0.2889999999999999,-0.011000000000000001
0.0,0.0,0.0,-0.2879999999999999,0.5770000000000001,-0.2889999999999999,-0.011000000000000001,0.0,0.0,-0.2879999999999999,0.5770000000000001,-0.2889999999999999,-0.011000000000000001
0.0,0.0,0.0,-0.2879999999999999,0.5770000000000001,-0.2889999999999999,-0.011000000000000001,0.0,0.0,-0.2879999999999999,0.5770000000000001,-0.2889999999999999,-0.011000000000000001
0.0,0.0,0.0,-0.2879999999999999,0.5770000000000001,-0.2889999999999999,-0.011000000000000001,0.0,0.0,-0.2879999999999999,0.5770000000000001,-0.2889999999999999,-0.011000000000000001
0.0,0.0,0.0,-0.2879999999999999,0.5770000000000001,-0.2889999999999999,-0.011000000000000001,0.0,0.0,-0.2879999999999999,0.5770000000000001,-0.2889999999999999,-0.011000000000000001
0.0,0.0,0.0,-0.2879999999999999,0.5770000000000001,-0.2889999999999999,-0.011000000000000001,0.0,0.0,-0.2879999999999999,0.5770000000000001,-0.2889999999999999,-0.011000000000000001
0.0,0.0,0.0,-0.2879999999999999,0.5770000000000001,-0.2889999999999999,-0.011000000000000001,0.0,0.0,-0.2879999999999999,0.5770000000000001,-0.2889999999999999,-0.011000000000000001
0.0,0.0,0.0,-0.2879999999999999,0.5770000000000001,-0.2889999999999999,-0.011000000000000001,0.0,0.0,-0.2879999999999999,0.5770000000000001,-0.2889999999999999,-0.011000000000000001
0.0,0.0,0.0,-0.2879999999999999,0.5770000000000001,-0.2889999999999999,-0.011000000000000001,0.0,0.0,-0.2879999999999999,0.5770000000000001,-0.2889999999999999,-0.011000000000000001
0.0,0.0,0.0,-0.2879999999999999,0.5770000000000001,-0.2889999999999999,-0.011000000000000001,0.0,0.0,-0.2879999999999999,0.5770000000000001,-0.2889999999999999,-0.011000000000000001
0.0,0.0,0.0,-0.2879999999999999,0.5770000000000001,-0.2889999999999999,-0.011000000000000001,0.0,0.0,-0.2879999999999999,0.5770000000000001,-0.2889999999999999,-0.011000000000000001
0.0,0.0,0.0,-0.2879999999999999,0.5770000000000001,-0.2889999999999999,-0.011000000000000001,0.0,0.0,-0.2879999999999999,0.5770000000000001,-0.2889999999999999,-0.011000000000000001
0.0,0.0,0.0,-0.2879999999999999,0.5770000000000001,-0.2889999999999999,-0.011000000000000001,0.0,0.0,-0.2879999999999999,0.5770000000000001,-0.2889999999999999,-0.011000000000000001
0.0,0.0,0.0,-0.2879999999999999,0.5770000000000001,-0.2889999999999999,-0.011000000000000001,0.0,0.0,-0.2879999999999999,0.5770000000000001,-0.2889999999999999,-0.011000000000000001
0.0,0.0,0.0,-0.2879999999999999,0.5770000000000001,-0.2889999999999999,-0.011000000000000001,0.0,0.0,-0.2879999999999999,0.5770000000000001,-0.2889999999999999,-0.011000000000000001
0.0,0.0,0.0,-0.2879999999999999,0.5770000000000001,-0.2889999999999999,-0.011000000000000001,0.0,0.0,-0.2879999999999999,0.5770000000000001,-0.2889999999999999,-0.011000000000000001
0.0,0.0,0.0,-0.2879999999999999,0.5770000000000001,-0.2889999999999999,-0.011000000000000001,0.0,0.0,-0.2879999999999999,0.5770000000000001,-0.2889999999999999,-0.011000000000000001
0.0,0.0,0.0,-0.2879999999999999,0.5770000000000001,-0.2889999999999999,-0.011000000000000001,0.0,0.0,-0.2879999999999999,0.5770000000000001,-0.2889999999999999,-0.011000000000000001
0.0,0.0,0.0,-0.2879999999999999,0.5770000000000001,-0.2889999999999999,-0.011000000000000001,0.0,0.0,-0.2879999999999999,0.5770000000000001,-0.2889999999999999,-0.011000000000000001
0.0,0.0,0.0,-0.2879999999999999,0.5770000000000001,-0.2889999999999999,-0.011000000000000001,0.0,0.0,-0.2879999999999999,0.5770000000000001,-0.2889999999999999,-0.011000000000000001
0.0,0.0,0.0,-0.2879999999999999,0.5770000000000001,-0.2889999999999999,-0.011000000000000001,0.0,0.0,-0.2879999999999999,0.5770000000000001,-0.2889999999999999,-0.011000000000000001
0.0,0.0,0.0,-0.2879999999999999,0.5770000000000001,-0.2889999999999999,-0.011000000000000001,0.0,0.0,-0.2879999999999999,0.5770000000000001,-0.2889999999999999,-0.011000000000000001
0.0,0.0,0.0,-0.2879999999999999,0.5770000000000001,-0.2889999999999999,-0.011000000000000001,0.0,0.0,-0.2879999999999999,0.5770000000000001,-0.2889999999999999,-0.011000000000000001
0.0,0.0,0.0,-0.2879999999999999,0.5770000000000001,-0.2889999999999999,-0.011000000000000001,0.0,0.0,-0.2879999999999999,0.5770000000000001,-0.2889999999999999,-0.011000000000000001
0.0,0.0,0.0,-0.2879999999999999,0.5770000000000001,-0.2889999999999999,-0.011000000000000001,0.0,0.0,-0.2879999999999999,0.5770000000000001,-0.2889999999999999,-0.011000000000000001
0.0,0.0,0.0,-0.2879999999999999,0.5770000000000001,-0.2889999999999999,-0.011000000000000001,0.0,0.0,-0.2879999999999999,0.5770000000000001,-0.2889999999999999,-0.011000000000000001
0.0,0.0,0.0,-0.2879999999999999,0.5770000000000001,-0.2889999999999999,-0.011000000000000001,0.0,0.0,-0.2879999999999999,0.5770000000000001,-0.2889999999999999,-0.011000000000000001
0.0,0.0,0.0,-0.2888140703517587,0.5786231155778895,-0.2898090452261306,-0.011000000000000001,0.0,0.0,-0.2888140703517587,0.5786231155778895,-0.2898090452261306,-0.011000000000000001
0.0,0.0,0.0,-0.2896281407035175,0.580246231155779,-0.2906180904522612,-0.011000000000000001,0.0,0.0,-0.2896281407035175,0.580246231155779,-0.2906180904522612,-0.011000000000000001
0.0,0.0,0.0,-0.2904422110552763,0.5818693467336684,-0.2914271356783919,-0.011000000000000001,0.0,0.0,-0.2904422110552763,0.5818693467336684,-0.2914271356783919,-0.011000000000000001
0.0,0.0,0.0,-0.2912562814070351,0.5834924623115578,-0.2922361809045225,-0.011000000000000001,0.0,0.0,-0.2912562814070351,0.5834924623115578,-0.2922361809045225,-0.011000000000000001
0.0,0.0,0.0,-0.2920703517587939,0.5851155778894473,-0.2930452261306532,-0.011000000000000001,0.0,0.0,-0.2920703517587939,0.5851155778894473,-0.2930452261306532,-0.011000000000000001
0.0,0.0,0.0,-0.2928844221105527,0.5867386934673368,-0.2938542713567838,-0.011000000000000001,0.0,0.0,-0.2928844221105527,0.5867386934673368,-0.2938542713567838,-0.011000000000000001
0.0,0.0,0.0,-0.2936984924623115,0.5883618090452262,-0.2946633165829145,-0.011000000000000001,0.0,0.0,-0.2936984924623115,0.5883618090452262,-0.2946633165829145,-0.011000000000000001
0.0,0.0,0.0,-0.2945125628140703,0.5899849246231157,-0.2954723618090451,-0.011000000000000001,0.0,0.0,-0.2945125628140703,0.5899849246231157,-0.2954723618090451,-0.011000000000000001
0.0,0.0,0.0,-0.2953266331658291,0.5916080402010051,-0.2962814070351758,-0.011000000000000001,0.0,0.0,-0.2953266331658291,0.5916080402010051,-0.2962814070351758,-0.011000000000000001
0.0,0.0,0.0,-0.29614070351758787,0.5932311557788945,-0.2970904522613065,-0.011000000000000001,0.0,0.0,-0.29614070351758787,0.5932311557788945,-0.2970904522613065,-0.011000000000000001
0.0,0.0,0.0,-0.29695477386934666,0.5948542713567839,-0.2978994974874371,-0.010944723618090454,0.0,0.0,-0.29695477386934666,0.5948542713567839,-0.2978994974874371,-0.010944723618090454
0.0,0.0,0.0,-0.29776884422110544,0.5964773869346734,-0.2987085427135678,-0.010889447236180906,0.0,0.0,-0.29776884422110544,0.5964773869346734,-0.2987085427135678,-0.010889447236180906
0.0,0.0,0.0,-0.29858291457286423,0.5981005025125629,-0.2995175879396984,-0.010834170854271357,0.0,0.0,-0.29858291457286423,0.5981005025125629,-0.2995175879396984,-0.010834170854271357
0.0,0.0,0.0,-0.299396984924623,0.5997236180904523,-0.3003266331658291,-0.01077889447236181,0.0,0.0,-0.299396984924623,0.5997236180904523,-0.3003266331658291,-0.01077889447236181
0.0,0.0,0.0,-0.3002110552763818,0.6013467336683418,-0.3011356783919597,-0.010723618090452263,0.0,0.0,-0.3002110552763818,0.6013467336683418,-0.3011356783919597,-0.010723618090452263
0.0,0.0,0.0,-0.30102512562814066,0.6029698492462312,-0.3019447236180904,-0.010668341708542715,0.0,0.0,-0.30102512562814066,0.6029698492462312,-0.3019447236180904,-0.010668341708542715
0.0,0.0,0.0,-0.30183919597989944,0.6045929648241206,-0.30275376884422106,-0.010613065326633166,0.0,0.0,-0.30183919597989944,0.6045929648241206,-0.30275376884422106,-0.010613065326633166
0.0,0.0,0.0,-0.30265326633165823,0.6062160804020101,-0.3035628140703517,-0.010557788944723619,0.0,0.0,-0.30265326633165823,0.6062160804020101,-0.3035628140703517,-0.010557788944723619
0.0,0.0,0.0,-0.303467336683417,0.6078391959798995,-0.30437185929648236,-0.010502512562814072,0.0,0.0,-0.303467336683417,0.6078391959798995,-0.30437185929648236,-0.010502512562814072
0.0,0.0,0.0,-0.3042814070351758,0.609462311557789,-0.305180904522613,-0.010447236180904524,0.0,0.0,-0.3042814070351758,0.609462311557789,-0.305180904522613,-0.010447236180904524
0.0,0.0,0.0,-0.3050954773869346,0.6110854271356785,-0.30598994974874366,-0.010391959798994975,0.0,0.0,-0.3050954773869346,0.6110854271356785,-0.30598994974874366,-0.010391959798994975
0.0,0.0,0.0,-0.3059095477386934,0.6127085427135679,-0.3067989949748743,-0.010336683417085428,0.0,0.0,-0.3059095477386934,0.6127085427135679,-0.3067989949748743,-0.010336683417085428
0.0,0.0,0.0,-0.3067236180904522,0.6143316582914573,-0.30760804020100496,-0.01028140703517588,0.0,0.0,-0.3067236180904522,0.6143316582914573,-0.30760804020100496,-0.01028140703517588
0.0,0.0,0.0,-0.30753768844221097,0.6159547738693468,-0.30841708542713564,-0.010226130653266333,0.0,0.0,-0.30753768844221097,0.6159547738693468,-0.30841708542713564,-0.010226130653266333
0.0,0.0,0.0,-0.3083517587939698,0.6175778894472362,-0.30922613065326626,-0.010170854271356784,0.0,0.0,-0.3083517587939698,0.6175778894472362,-0.30922613065326626,-0.010170854271356784
0.0,0.0,0.0,-0.3091658291457286,0.6192010050251257,-0.31003517587939694,-0.010115577889447237,0.0,0.0,-0.3091658291457286,0.6192010050251257,-0.31003517587939694,-0.010115577889447237
0.0,0.0,0.0,-0.3099798994974874,0.6208241206030152,-0.31084422110552756,-0.01006030150753769,0.0,0.0,-0.3099798994974874,0.6208241206030152,-0.31084422110552756,-0.01006030150753769
0.0,0.0,0.0,-0.3107939698492462,0.6224472361809046,-0.31165326633165824,-0.010005025125628142,0.0,0.0,-0.3107939698492462,0.6224472361809046,-0.31165326633165824,-0.010005025125628142
0.0,0.0,0.0,-0.31160804020100497,0.624070351758794,-0.31246231155778886,-0.009949748743718593,0.0,0.0,-0.31160804020100497,0.624070351758794,-0.31246231155778886,-0.009949748743718593
0.0,0.0,0.0,-0.31242211055276375,0.6256934673366834,-0.31327135678391954,-0.009894472361809046,0.0,0.0,-0.31242211055276375,0.6256934673366834,-0.31327135678391954,-0.009894472361809046
0.0,0.0,0.0,-0.31323618090452254,0.6273165829145729,-0.31408040201005016,-0.009839195979899499,0.0,0.0,-0.31323618090452254,0.6273165829145729,-0.31408040201005016,-0.009839195979899499
0.0,0.0,0.0,-0.31405025125628133,0.6289396984924623,-0.31488944723618084,-0.009783919597989951,0.0,0.0,-0.31405025125628133,0.6289396984924623,-0.31488944723618084,-0.009783919597989951
0.0,0.0,0.0,-0.3148643216080401,0.6305628140703518,-0.3156984924623115,-0.009728643216080402,0.0,0.0,-0.3148643216080401,0.6305628140703518,-0.3156984924623115,-0.009728643216080402
0.0,0.0,0.0,-0.3156783919597989,0.6321859296482413,-0.31650753768844214,-0.009673366834170855,0.0,0.0,-0.3156783919597989,0.6321859296482413,-0.31650753768844214,-0.009673366834170855
0.0,0.0,0.0,-0.31649246231155775,0.6338090452261307,-0.3173165829145728,-0.009618090452261308,0.0,0.0,-0.31649246231155775,0.6338090452261307,-0.3173165829145728,-0.009618090452261308
0.0,0.0,0.0,-0.31730653266331654,0.6354321608040201,-0.31812562814070344,-0.00956281407035176,0.0,0.0,-0.31730653266331654,0.6354321608040201,-0.31812562814070344,-0.00956281407035176
0.0,0.0,0.0,-0.31812060301507533,0.6370552763819096,-0.3189346733668341,-0.009507537688442213,0.0,0.0,-0.31812060301507533,0.6370552763819096,-0.3189346733668341,-0.009507537688442213
0.0,0.0,0.0,-0.3189346733668341,0.638678391959799,-0.31974371859296474,-0.009452261306532664,0.0,0.0,-0.3189346733668341,0.638678391959799,-0.31974371859296474,-0.009452261306532664
0.0,0.0,0.0,-0.3197487437185929,0.6403015075376884,-0.3205527638190954,-0.009396984924623117,0.0,0.0,-0.3197487437185929,0.6403015075376884,-0.3205527638190954,-0.009396984924623117
0.0,0.0,0.0,-0.3205628140703517,0.641924623115578,-0.32136180904522604,-0.00934170854271357,0.0,0.0,-0.3205628140703517,0.641924623115578,-0.32136180904522604,-0.00934170854271357
0.0,0.0,0.0,-0.3213768844221105,0.6435477386934674,-0.3221708542713567,-0.00928643216080402,0.0,0.0,-0.3213768844221105,0.6435477386934674,-0.3221708542713567,-0.00928643216080402
0.0,0.0,0.0,-0.3221909547738693,0.6451708542713568,-0.3229798994974874,-0.009231155778894473,0.0,0.0,-0.3221909547738693,0.6451708542713568,-0.3229798994974874,-0.009231155778894473
0.0,0.0,0.0,-0.32300502512562806,0.6467939698492463,-0.323788944723618,-0.009175879396984925,0.0,0.0,-0.32300502512562806,0.6467939698492463,-0.323788944723618,-0.009175879396984925
0.0,0.0,0.0,-0.32381909547738685,0.6484170854271357,-0.3245979899497487,-0.009120603015075378,0.0,0.0,-0.32381909547738685,0.6484170854271357,-0.3245979899497487,-0.009120603015075378
0.0,0.0,0.0,-0.3246331658291457,0.6500402010050251,-0.3254070351758793,-0.00906532663316583,0.0,0.0,-0.3246331658291457,0.6500402010050251,-0.3254070351758793,-0.00906532663316583
0.0,0.0,0.0,-0.3254472361809045,0.6516633165829147,-0.32621608040201,-0.009010050251256282,0.0,0.0,-0.3254472361809045,0.6516633165829147,-0.32621608040201,-0.009010050251256282
0.0,0.0,0.0,-0.3262613065326633,0.6532864321608041,-0.3270251256281407,-0.008954773869346734,0.0,0.0,-0.3262613065326633,0.6532864321608041,-0.3270251256281407,-0.008954773869346734
0.0,0.0,0.0,-0.32707537688442206,0.6549095477386935,-0.3278341708542713,-0.008899497487437187,0.0,0.0,-0.32707537688442206,0.6549095477386935,-0.3278341708542713,-0.008899497487437187
0.0,0.0,0.0,-0.32788944723618085,0.6565326633165829,-0.328643216080402,-0.00884422110552764,0.0,0.0,-0.32788944723618085,0.6565326633165829,-0.328643216080402,-0.00884422110552764
0.0,0.0,0.0,-0.32870351758793964,0.6581557788944724,-0.3294522613065326,-0.00878894472361809,0.0,0.0,-0.32870351758793964,0.6581557788944724,-0.3294522613065326,-0.00878894472361809
0.0,0.0,0.0,-0.32951758793969843,0.6597788944723618,-0.3302613065326633,-0.008733668341708543,0.0,0.0,-0.32951758793969843,0.6597788944723618,-0.3302613065326633,-0.008733668341708543
0.0,0.0,0.0,-0.3303316582914572,0.6614020100502513,-0.3310703517587939,-0.008678391959798996,0.0,0.0,-0.3303316582914572,0.6614020100502513,-0.3310703517587939,-0.008678391959798996
0.0,0.0,0.0,-0.331145728643216,0.6630251256281408,-0.3318793969849246,-0.008623115577889449,0.0,0.0,-0.331145728643216,0.6630251256281408,-0.3318793969849246,-0.008623115577889449
0.0,0.0,0.0,-0.33195979899497485,0.6646482412060302,-0.3326884422110552,-0.0085678391959799,0.0,0.0,-0.33195979899497485,0.6646482412060302,-0.3326884422110552,-0.0085678391959799
0.0,0.0,0.0,-0.3327738693467336,0.6662713567839196,-0.3334974874371859,-0.008512562814070352,0.0,0.0,-0.3327738693467336,0.6662713567839196,-0.3334974874371859,-0.008512562814070352
0.0,0.0,0.0,-0.33358793969849243,0.6678944723618091,-0.33430653266331656,-0.008457286432160805,0.0,0.0,-0.33358793969849243,0.6678944723618091,-0.33430653266331656,-0.008457286432160805
0.0,0.0,0.0,-0.3344020100502512,0.6695175879396985,-0.3351155778894472,-0.008402010050251258,0.0,0.0,-0.3344020100502512,0.6695175879396985,-0.3351155778894472,-0.008402010050251258
0.0,0.0,0.0,-0.33521608040201,0.6711407035175879,-0.33592462311557786,-0.00834673366834171,0.0,0.0,-0.33521608040201,0.6711407035175879,-0.33592462311557786,-0.00834673366834171
0.0,0.0,0.0,-0.3360301507537688,0.6727638190954774,-0.3367336683417085,-0.008291457286432161,0.0,0.0,-0.3360301507537688,0.6727638190954774,-0.3367336683417085,-0.008291457286432161
0.0,0.0,0.0,-0.3368442211055276,0.6743869346733669,-0.33754271356783916,-0.008236180904522614,0.0,0.0,-0.3368442211055276,0.6743869346733669,-0.33754271356783916,-0.008236180904522614
0.0,0.0,0.0,-0.3376582914572864,0.6760100502512563,-0.3383517587939698,-0.008180904522613067,0.0,0.0,-0.3376582914572864,0.6760100502512563,-0.3383517587939698,-0.008180904522613067
0.0,0.0,0.0,-0.33847236180904516,0.6776331658291458,-0.33916080402010046,-0.008125628140703518,0.0,0.0,-0.33847236180904516,0.6776331658291458,-0.33916080402010046,-0.008125628140703518
0.0,0.0,0.0,-0.33928643216080395,0.6792562814070352,-0.3399698492462311,-0.00807035175879397,0.0,0.0,-0.33928643216080395,0.6792562814070352,-0.3399698492462311,-0.00807035175879397
0.0,0.0,0.0,-0.34010050251256274,0.6808793969849246,-0.34077889447236176,-0.008015075376884423,0.0,0.0,-0.34010050251256274,0.6808793969849246,-0.34077889447236176,-0.008015075376884423
0.0,0.0,0.0,-0.3409145728643216,0.6825025125628141,-0.34158793969849244,-0.007959798994974876,0.0,0.0,-0.3409145728643216,0.6825025125628141,-0.34158793969849244,-0.007959798994974876
0.0,0.0,0.0,-0.3417286432160804,0.6841256281407035,-0.34239698492462306,-0.007904522613065328,0.0,0.0,-0.3417286432160804,0.6841256281407035,-0.34239698492462306,-0.007904522613065328
0.0,0.0,0.0,-0.34254271356783916,0.685748743718593,-0.34320603015075374,-0.00784924623115578,0.0,0.0,-0.34254271356783916,0.685748743718593,-0.34320603015075374,-0.00784924623115578
0.0,0.0,0.0,-0.34335678391959795,0.6873718592964824,-0.34401507537688436,-0.007793969849246232,0.0,0.0,-0.34335678391959795,0.6873718592964824,-0.34401507537688436,-0.007793969849246232
0.0,0.0,0.0,-0.34417085427135674,0.6889949748743719,-0.34482412060301504,-0.007738693467336685,0.0,0.0,-0.34417085427135674,0.6889949748743719,-0.34482412060301504,-0.007738693467336685
0.0,0.0,0.0,-0.34498492462311553,0.6906180904522613,-0.3456331658291457,-0.007683417085427137,0.0,0.0,-0.34498492462311553,0.6906180904522613,-0.3456331658291457,-0.007683417085427137
0.0,0.0,0.0,-0.3457989949748743,0.6922412060301508,-0.34644221105527634,-0.007628140703517588,0.0,0.0,-0.3457989949748743,0.6922412060301508,-0.34644221105527634,-0.007628140703517588
0.0,0.0,0.0,-0.3466130653266331,0.6938643216080402,-0.34725125628140696,-0.007572864321608041,0.0,0.0,-0.3466130653266331,0.6938643216080402,-0.34725125628140696,-0.007572864321608041
0.0,0.0,0.0,-0.3474271356783919,0.6954874371859296,-0.34806030150753764,-0.0075175879396984936,0.0,0.0,-0.3474271356783919,0.6954874371859296,-0.34806030150753764,-0.0075175879396984936
0.0,0.0,0.0,-0.34824120603015074,0.6971105527638191,-0.3488693467336683,-0.007462311557788945,0.0,0.0,-0.34824120603015074,0.6971105527638191,-0.3488693467336683,-0.007462311557788945
0.0,0.0,0.0,-0.34905527638190953,0.6987336683417086,-0.34967839195979894,-0.007407035175879397,0.0,0.0,-0.34905527638190953,0.6987336683417086,-0.34967839195979894,-0.007407035175879397
0.0,0.0,0.0,-0.3498693467336683,0.700356783919598,-0.3504874371859296,-0.00735175879396985,0.0,0.0,-0.3498693467336683,0.700356783919598,-0.3504874371859296,-0.00735175879396985
0.0,0.0,0.0,-0.3506834170854271,0.7019798994974874,-0.35129648241206024,-0.0072964824120603025,0.0,0.0,-0.3506834170854271,0.7019798994974874,-0.35129648241206024,-0.0072964824120603025
0.0,0.0,0.0,-0.3514974874371859,0.7036030150753769,-0.3521055276381909,-0.007241206030150755,0.0,0.0,-0.3514974874371859,0.7036030150753769,-0.3521055276381909,-0.007241206030150755
0.0,0.0,0.0,-0.3523115577889447,0.7052261306532663,-0.3529145728643216,-0.007185929648241206,0.0,0.0,-0.3523115577889447,0.7052261306532663,-0.3529145728643216,-0.007185929648241206
0.0,0.0,0.0,-0.3531256281407035,0.7068492462311557,-0.3537236180904522,-0.007130653266331659,0.0,0.0,-0.3531256281407035,0.7068492462311557,-0.3537236180904522,-0.007130653266331659
0.0,0.0,0.0,-0.35393969849246226,0.7084723618090452,-0.35453266331658284,-0.0070753768844221115,0.0,0.0,-0.35393969849246226,0.7084723618090452,-0.35453266331658284,-0.0070753768844221115
0.0,0.0,0.0,-0.35475376884422105,0.7100954773869347,-0.3553417085427135,-0.007020100502512563,0.0,0.0,-0.35475376884422105,0.7100954773869347,-0.3553417085427135,-0.007020100502512563
0.0,0.0,0.0,-0.35556783919597984,0.7117185929648241,-0.3561507537688442,-0.006964824120603016,0.0,0.0,-0.35556783919597984,0.7117185929648241,-0.3561507537688442,-0.006964824120603016
0.0,0.0,0.0,-0.35638190954773863,0.7133417085427136,-0.3569597989949748,-0.006909547738693468,0.0,0.0,-0.35638190954773863,0.7133417085427136,-0.3569597989949748,-0.006909547738693468
0.0,0.0,0.0,-0.3571959798994975,0.714964824120603,-0.3577688442211055,-0.0068542713567839204,0.0,0.0,-0.3571959798994975,0.714964824120603,-0.3577688442211055,-0.0068542713567839204
0.0,0.0,0.0,-0.3580100502512562,0.7165879396984924,-0.3585778894472361,-0.006798994974874372,0.0,0.0,-0.3580100502512562,0.7165879396984924,-0.3585778894472361,-0.006798994974874372
0.0,0.0,0.0,-0.35882412060301505,0.7182110552763818,-0.3593869346733668,-0.006743718592964825,0.0,0.0,-0.35882412060301505,0.7182110552763818,-0.3593869346733668,-0.006743718592964825
0.0,0.0,0.0,-0.35963819095477384,0.7198341708542714,-0.3601959798994975,-0.006688442211055278,0.0,0.0,-0.35963819095477384,0.7198341708542714,-0.3601959798994975,-0.006688442211055278
0.0,0.0,0.0,-0.36045226130653263,0.7214572864321608,-0.3610050251256281,-0.006633165829145729,0.0,0.0,-0.36045226130653263,0.7214572864321608,-0.3610050251256281,-0.006633165829145729
0.0,0.0,0.0,-0.3612663316582914,0.7230804020100503,-0.3618140703517588,-0.006577889447236181,0.0,0.0,-0.3612663316582914,0.7230804020100503,-0.3618140703517588,-0.006577889447236181
0.0,0.0,0.0,-0.3620804020100502,0.7247035175879397,-0.3626231155778894,-0.006522613065326634,0.0,0.0,-0.3620804020100502,0.7247035175879397,-0.3626231155778894,-0.006522613065326634
0.0,0.0,0.0,-0.362894472361809,0.7263266331658291,-0.3634321608040201,-0.006467336683417086,0.0,0.0,-0.362894472361809,0.7263266331658291,-0.3634321608040201,-0.006467336683417086
0.0,0.0,0.0,-0.3637085427135678,0.7279497487437185,-0.36424120603015075,-0.006412060301507538,0.0,0.0,-0.3637085427135678,0.7279497487437185,-0.36424120603015075,-0.006412060301507538
0.0,0.0,0.0,-0.36452261306532663,0.7295728643216081,-0.3650502512562814,-0.006356783919597991,0.0,0.0,-0.36452261306532663,0.7295728643216081,-0.3650502512562814,-0.006356783919597991
0.0,0.0,0.0,-0.36533668341708536,0.7311959798994975,-0.365859296482412,-0.006301507537688443,0.0,0.0,-0.36533668341708536,0.7311959798994975,-0.365859296482412,-0.006301507537688443
0.0,0.0,0.0,-0.3661507537688442,0.7328190954773869,-0.3666683417085427,-0.0062462311557788955,0.0,0.0,-0.3661507537688442,0.7328190954773869,-0.3666683417085427,-0.0062462311557788955
0.0,0.0,0.0,-0.366964824120603,0.7344422110552764,-0.36747738693467336,-0.006190954773869347,0.0,0.0,-0.366964824120603,0.7344422110552764,-0.36747738693467336,-0.006190954773869347
0.0,0.0,0.0,-0.3677788944723618,0.7360653266331658,-0.368286432160804,-0.006135678391959799,0.0,0.0,-0.3677788944723618,0.7360653266331658,-0.368286432160804,-0.006135678391959799
0.0,0.0,0.0,-0.3685929648241206,0.7376884422110552,-0.36909547738693466,-0.006080402010050252,0.0,0.0,-0.3685929648241206,0.7376884422110552,-0.36909547738693466,-0.006080402010050252
0.0,0.0,0.0,-0.36940703517587936,0.7393115577889446,-0.3699045226130653,-0.006025125628140704,0.0,0.0,-0.36940703517587936,0.7393115577889446,-0.3699045226130653,-0.006025125628140704
0.0,0.0,0.0,-0.37022110552763815,0.7409346733668342,-0.37071356783919596,-0.005969849246231156,0.0,0.0,-0.37022110552763815,0.7409346733668342,-0.37071356783919596,-0.005969849246231156
0.0,0.0,0.0,-0.37103517587939694,0.7425577889447236,-0.37152261306532663,-0.005914572864321609,0.0,0.0,-0.37103517587939694,0.7425577889447236,-0.37152261306532663,-0.005914572864321609
0.0,0.0,0.0,-0.3718492462311558,0.7441809045226131,-0.37233165829145726,-0.005859296482412061,0.0,0.0,-0.3718492462311558,0.7441809045226131,-0.37233165829145726,-0.005859296482412061
0.0,0.0,0.0,-0.3726633165829145,0.7458040201005025,-0.37314070351758793,-0.0058040201005025134,0.0,0.0,-0.3726633165829145,0.7458040201005025,-0.37314070351758793,-0.0058040201005025134
0.0,0.0,0.0,-0.37347738693467336,0.7474271356783919,-0.37394974874371856,-0.005748743718592965,0.0,0.0,-0.37347738693467336,0.7474271356783919,-0.37394974874371856,-0.005748743718592965
0.0,0.0,0.0,-0.3742914572864321,0.7490502512562813,-0.37475879396984924,-0.005693467336683418,0.0,0.0,-0.3742914572864321,0.7490502512562813,-0.37475879396984924,-0.005693467336683418
0.0,0.0,0.0,-0.37510552763819094,0.7506733668341709,-0.37556783919597986,-0.00563819095477387,0.0,0.0,-0.37510552763819094,0.7506733668341709,-0.37556783919597986,-0.00563819095477387
0.0,0.0,0.0,-0.3759195979899497,0.7522964824120603,-0.37637688442211054,-0.0055829145728643215,0.0,0.0,-0.3759195979899497,0.7522964824120603,-0.37637688442211054,-0.0055829145728643215
0.0,0.0,0.0,-0.3767336683417085,0.7539195979899498,-0.37718592964824116,-0.005527638190954774,0.0,0.0,-0.3767336683417085,0.7539195979899498,-0.37718592964824116,-0.005527638190954774
0.0,0.0,0.0,-0.3775477386934673,0.7555427135678392,-0.37799497487437184,-0.005472361809045227,0.0,0.0,-0.3775477386934673,0.7555427135678392,-0.37799497487437184,-0.005472361809045227
0.0,0.0,0.0,-0.3783618090452261,0.7571658291457286,-0.3788040201005025,-0.0054170854271356796,0.0,0.0,-0.3783618090452261,0.7571658291457286,-0.3788040201005025,-0.0054170854271356796
0.0,0.0,0.0,-0.3791758793969849,0.758788944723618,-0.37961306532663314,-0.005361809045226131,0.0,0.0,-0.3791758793969849,0.758788944723618,-0.37961306532663314,-0.005361809045226131
0.0,0.0,0.0,-0.37998994974874367,0.7604120603015075,-0.3804221105527638,-0.005306532663316583,0.0,0.0,-0.37998994974874367,0.7604120603015075,-0.3804221105527638,-0.005306532663316583
0.0,0.0,0.0,-0.3808040201005025,0.762035175879397,-0.38123115577889444,-0.005251256281407035,0.0,0.0,-0.3808040201005025,0.762035175879397,-0.38123115577889444,-0.005251256281407035
0.0,0.0,0.0,-0.38161809045226125,0.7636582914572864,-0.3820402010050251,-0.0051959798994974885,0.0,0.0,-0.38161809045226125,0.7636582914572864,-0.3820402010050251,-0.0051959798994974885
0.0,0.0,0.0,-0.3824321608040201,0.7652814070351759,-0.38284924623115574,-0.00514070351758794,0.0,0.0,-0.3824321608040201,0.7652814070351759,-0.38284924623115574,-0.00514070351758794
0.0,0.0,0.0,-0.3832462311557789,0.7669045226130653,-0.3836582914572864,-0.005085427135678392,0.0,0.0,-0.3832462311557789,0.7669045226130653,-0.3836582914572864,-0.005085427135678392
0.0,0.0,0.0,-0.38406030150753767,0.7685276381909547,-0.38446733668341704,-0.005030150753768845,0.0,0.0,-0.38406030150753767,0.7685276381909547,-0.38446733668341704,-0.005030150753768845
0.0,0.0,0.0,-0.38487437185929646,0.7701507537688442,-0.3852763819095477,-0.004974874371859297,0.0,0.0,-0.38487437185929646,0.7701507537688442,-0.3852763819095477,-0.004974874371859297
0.0,0.0,0.0,-0.38568844221105525,0.7717738693467336,-0.3860854271356784,-0.00491959798994975,0.0,0.0,-0.38568844221105525,0.7717738693467336,-0.3860854271356784,-0.00491959798994975
0.0,0.0,0.0,-0.38650251256281404,0.773396984924623,-0.386894472361809,-0.004864321608040202,0.0,0.0,-0.38650251256281404,0.773396984924623,-0.386894472361809,-0.004864321608040202
0.0,0.0,0.0,-0.3873165829145728,0.7750201005025126,-0.3877035175879397,-0.004809045226130654,0.0,0.0,-0.3873165829145728,0.7750201005025126,-0.3877035175879397,-0.004809045226130654
0.0,0.0,0.0,-0.38813065326633167,0.776643216080402,-0.3885125628140703,-0.004753768844221106,0.0,0.0,-0.38813065326633167,0.776643216080402,-0.3885125628140703,-0.004753768844221106
0.0,0.0,0.0,-0.3889447236180904,0.7782663316582914,-0.389321608040201,-0.004698492462311558,0.0,0.0,-0.3889447236180904,0.7782663316582914,-0.389321608040201,-0.004698492462311558
0.0,0.0,0.0,-0.38975879396984925,0.7798894472361809,-0.3901306532663317,-0.004643216080402011,0.0,0.0,-0.38975879396984925,0.7798894472361809,-0.3901306532663317,-0.004643216080402011
0.0,0.0,0.0,-0.390572864321608,0.7815125628140703,-0.3909396984924623,-0.004587939698492463,0.0,0.0,-0.390572864321608,0.7815125628140703,-0.3909396984924623,-0.004587939698492463
0.0,0.0,0.0,-0.3913869346733668,0.7831356783919597,-0.3917487437185929,-0.004532663316582915,0.0,0.0,-0.3913869346733668,0.7831356783919597,-0.3917487437185929,-0.004532663316582915
0.0,0.0,0.0,-0.3922010050251256,0.7847587939698493,-0.3925577889447236,-0.004477386934673367,0.0,0.0,-0.3922010050251256,0.7847587939698493,-0.3925577889447236,-0.004477386934673367
0.0,0.0,0.0,-0.3930150753768844,0.7863819095477387,-0.3933668341708543,-0.004422110552763819,0.0,0.0,-0.3930150753768844,0.7863819095477387,-0.3933668341708543,-0.004422110552763819
0.0,0.0,0.0,-0.3938291457286432,0.7880050251256281,-0.3941758793969849,-0.0043668341708542726,0.0,0.0,-0.3938291457286432,0.7880050251256281,-0.3941758793969849,-0.0043668341708542726
0.0,0.0,0.0,-0.394643216080402,0.7896281407035175,-0.3949849246231155,-0.004311557788944724,0.0,0.0,-0.394643216080402,0.7896281407035175,-0.3949849246231155,-0.004311557788944724
0.0,0.0,0.0,-0.39545728643216077,0.791251256281407,-0.3957939698492462,-0.004256281407035176,0.0,0.0,-0.39545728643216077,0.791251256281407,-0.3957939698492462,-0.004256281407035176
0.0,0.0,0.0,-0.39627135678391956,0.7928743718592964,-0.3966030150753769,-0.004201005025125629,0.0,0.0,-0.39627135678391956,0.7928743718592964,-0.3966030150753769,-0.004201005025125629
0.0,0.0,0.0,-0.3970854271356784,0.794497487437186,-0.39741206030150755,-0.004145728643216081,0.0,0.0,-0.3970854271356784,0.794497487437186,-0.39741206030150755,-0.004145728643216081
0.0,0.0,0.0,-0.3978994974874372,0.7961206030150754,-0.3982211055276382,-0.0040904522613065325,0.0,0.0,-0.3978994974874372,0.7961206030150754,-0.3982211055276382,-0.0040904522613065325
0.0,0.0,0.0,-0.398713567839196,0.7977437185929648,-0.3990301507537688,-0.004035175879396986,0.0,0.0,-0.398713567839196,0.7977437185929648,-0.3990301507537688,-0.004035175879396986
0.0,0.0,0.0,-0.39952763819095477,0.7993668341708542,-0.3998391959798995,-0.003979899497487438,0.0,0.0,-0.39952763819095477,0.7993668341708542,-0.3998391959798995,-0.003979899497487438
0.0,0.0,0.0,-0.40034170854271356,0.8009899497487437,-0.40064824120603015,-0.00392462311557789,0.0,0.0,-0.40034170854271356,0.8009899497487437,-0.40064824120603015,-0.00392462311557789
0.0,0.0,0.0,-0.40115577889447235,0.8026130653266331,-0.4014572864321608,-0.0038693467336683414,0.0,0.0,-0.40115577889447235,0.8026130653266331,-0.4014572864321608,-0.0038693467336683414
0.0,0.0,0.0,-0.40196984924623114,0.8042361809045226,-0.40226633165829145,-0.003814070351758794,0.0,0.0,-0.40196984924623114,0.8042361809045226,-0.40226633165829145,-0.003814070351758794
0.0,0.0,0.0,-0.4027839195979899,0.8058592964824121,-0.4030753768844221,-0.0037587939698492468,0.0,0.0,-0.4027839195979899,0.8058592964824121,-0.4030753768844221,-0.0037587939698492468
0.0,0.0,0.0,-0.4035979899497487,0.8074824120603015,-0.40388442211055275,-0.0037035175879396994,0.0,0.0,-0.4035979899497487,0.8074824120603015,-0.40388442211055275,-0.0037035175879396994
0.0,0.0,0.0,-0.40441206030150756,0.8091055276381909,-0.40469346733668343,-0.0036482412060301513,0.0,0.0,-0.40441206030150756,0.8091055276381909,-0.40469346733668343,-0.0036482412060301513
0.0,0.0,0.0,-0.4052261306532663,0.8107286432160804,-0.40550251256281405,-0.003592964824120603,0.0,0.0,-0.4052261306532663,0.8107286432160804,-0.40550251256281405,-0.003592964824120603
0.0,0.0,0.0,-0.40604020100502514,0.8123517587939698,-0.40631155778894473,-0.003537688442211055,0.0,0.0,-0.40604020100502514,0.8123517587939698,-0.40631155778894473,-0.003537688442211055
0.0,0.0,0.0,-0.40685427135678387,0.8139748743718592,-0.40712060301507536,-0.0034824120603015084,0.0,0.0,-0.40685427135678387,0.8139748743718592,-0.40712060301507536,-0.0034824120603015084
0.0,0.0,0.0,-0.4076683417085427,0.8155979899497487,-0.40792964824120603,-0.0034271356783919602,0.0,0.0,-0.4076683417085427,0.8155979899497487,-0.40792964824120603,-0.0034271356783919602
0.0,0.0,0.0,-0.4084824120603015,0.8172211055276382,-0.40873869346733666,-0.003371859296482412,0.0,0.0,-0.4084824120603015,0.8172211055276382,-0.40873869346733666,-0.003371859296482412
0.0,0.0,0.0,-0.4092964824120603,0.8188442211055276,-0.40954773869346733,-0.0033165829145728647,0.0,0.0,-0.4092964824120603,0.8188442211055276,-0.40954773869346733,-0.0033165829145728647
0.0,0.0,0.0,-0.4101105527638191,0.820467336683417,-0.41035678391959796,-0.0032613065326633165,0.0,0.0,-0.4101105527638191,0.820467336683417,-0.41035678391959796,-0.0032613065326633165
0.0,0.0,0.0,-0.41092462311557787,0.8220904522613065,-0.41116582914572863,-0.003206030150753769,0.0,0.0,-0.41092462311557787,0.8220904522613065,-0.41116582914572863,-0.003206030150753769
0.0,0.0,0.0,-0.41173869346733666,0.8237135678391959,-0.4119748743718593,-0.003150753768844222,0.0,0.0,-0.41173869346733666,0.8237135678391959,-0.4119748743718593,-0.003150753768844222
0.0,0.0,0.0,-0.41255276381909545,0.8253366834170854,-0.41278391959798993,-0.003095477386934673,0.0,0.0,-0.41255276381909545,0.8253366834170854,-0.41278391959798993,-0.003095477386934673
0.0,0.0,0.0,-0.4133668341708543,0.8269597989949748,-0.4135929648241206,-0.0030402010050251255,0.0,0.0,-0.4133668341708543,0.8269597989949748,-0.4135929648241206,-0.0030402010050251255
0.0,0.0,0.0,-0.414180904522613,0.8285829145728643,-0.41440201005025123,-0.002984924623115578,0.0,0.0,-0.414180904522613,0.8285829145728643,-0.41440201005025123,-0.002984924623115578
0.0,0.0,0.0,-0.41499497487437187,0.8302060301507537,-0.4152110552763819,-0.002929648241206031,0.0,0.0,-0.41499497487437187,0.8302060301507537,-0.4152110552763819,-0.002929648241206031
0.0,0.0,0.0,-0.4158090452261306,0.8318291457286431,-0.4160201005025126,-0.0028743718592964835,0.0,0.0,-0.4158090452261306,0.8318291457286431,-0.4160201005025126,-0.0028743718592964835
0.0,0.0,0.0,-0.41662311557788945,0.8334522613065326,-0.4168291457286432,-0.0028190954773869344,0.0,0.0,-0.41662311557788945,0.8334522613065326,-0.4168291457286432,-0.0028190954773869344
0.0,0.0,0.0,-0.41743718592964824,0.8350753768844221,-0.41763819095477384,-0.002763819095477387,0.0,0.0,-0.41743718592964824,0.8350753768844221,-0.41763819095477384,-0.002763819095477387
0.0,0.0,0.0,-0.418251256281407,0.8366984924623115,-0.4184472361809045,-0.0027085427135678398,0.0,0.0,-0.418251256281407,0.8366984924623115,-0.4184472361809045,-0.0027085427135678398
0.0,0.0,0.0,-0.4190653266331658,0.838321608040201,-0.4192562814070352,-0.0026532663316582925,0.0,0.0,-0.4190653266331658,0.838321608040201,-0.4192562814070352,-0.0026532663316582925
0.0,0.0,0.0,-0.4198793969849246,0.8399447236180904,-0.4200653266331658,-0.0025979899497487434,0.0,0.0,-0.4198793969849246,0.8399447236180904,-0.4200653266331658,-0.0025979899497487434
0.0,0.0,0.0,-0.42069346733668345,0.8415678391959798,-0.42087437185929644,-0.002542713567839196,0.0,0.0,-0.42069346733668345,0.8415678391959798,-0.42087437185929644,-0.002542713567839196
0.0,0.0,0.0,-0.4215075376884422,0.8431909547738693,-0.4216834170854271,-0.0024874371859296487,0.0,0.0,-0.4215075376884422,0.8431909547738693,-0.4216834170854271,-0.0024874371859296487
0.0,0.0,0.0,-0.422321608040201,0.8448140703517588,-0.4224924623115578,-0.0024321608040200997,0.0,0.0,-0.422321608040201,0.8448140703517588,-0.4224924623115578,-0.0024321608040200997
0.0,0.0,0.0,-0.42313567839195976,0.8464371859296482,-0.42330150753768847,-0.002376884422110554,0.0,0.0,-0.42313567839195976,0.8464371859296482,-0.42330150753768847,-0.002376884422110554
0.0,0.0,0.0,-0.4239497487437186,0.8480603015075376,-0.4241105527638191,-0.002321608040201005,0.0,0.0,-0.4239497487437186,0.8480603015075376,-0.4241105527638191,-0.002321608040201005
0.0,0.0,0.0,-0.4247638190954774,0.849683417085427,-0.4249195979899497,-0.0022663316582914577,0.0,0.0,-0.4247638190954774,0.849683417085427,-0.4249195979899497,-0.0022663316582914577
0.0,0.0,0.0,-0.4255778894472362,0.8513065326633165,-0.4257286432160804,-0.0022110552763819104,0.0,0.0,-0.4255778894472362,0.8513065326633165,-0.4257286432160804,-0.0022110552763819104
0.0,0.0,0.0,-0.42639195979899497,0.852929648241206,-0.42653768844221107,-0.0021557788944723613,0.0,0.0,-0.42639195979899497,0.852929648241206,-0.42653768844221107,-0.0021557788944723613
0.0,0.0,0.0,-0.42720603015075376,0.8545527638190954,-0.4273467336683417,-0.002100502512562814,0.0,0.0,-0.42720603015075376,0.8545527638190954,-0.4273467336683417,-0.002100502512562814
0.0,0.0,0.0,-0.42802010050251255,0.8561758793969849,-0.4281557788944723,-0.0020452261306532667,0.0,0.0,-0.42802010050251255,0.8561758793969849,-0.4281557788944723,-0.0020452261306532667
0.0,0.0,0.0,-0.42883417085427133,0.8577989949748743,-0.428964824120603,-0.0019899497487437193,0.0,0.0,-0.42883417085427133,0.8577989949748743,-0.428964824120603,-0.0019899497487437193
0.0,0.0,0.0,-0.4296482412060302,0.8594221105527637,-0.4297738693467337,-0.0019346733668341703,0.0,0.0,-0.4296482412060302,0.8594221105527637,-0.4297738693467337,-0.0019346733668341703
0.0,0.0,0.0,-0.4304623115577889,0.8610452261306532,-0.43058291457286435,-0.001879396984924623,0.0,0.0,-0.4304623115577889,0.8610452261306532,-0.43058291457286435,-0.001879396984924623
0.0,0.0,0.0,-0.43127638190954776,0.8626683417085427,-0.431391959798995,-0.0018241206030150756,0.0,0.0,-0.43127638190954776,0.8626683417085427,-0.431391959798995,-0.0018241206030150756
0.0,0.0,0.0,-0.4320904522613065,0.8642914572864321,-0.4322010050251256,-0.0017688442211055283,0.0,0.0,-0.4320904522613065,0.8642914572864321,-0.4322010050251256,-0.0017688442211055283
0.0,0.0,0.0,-0.43290452261306533,0.8659145728643216,-0.4330100502512563,-0.001713567839195981,0.0,0.0,-0.43290452261306533,0.8659145728643216,-0.4330100502512563,-0.001713567839195981
0.0,0.0,0.0,-0.4337185929648241,0.867537688442211,-0.43381909547738695,-0.001658291457286432,0.0,0.0,-0.4337185929648241,0.867537688442211,-0.43381909547738695,-0.001658291457286432
0.0,0.0,0.0,-0.4345326633165829,0.8691608040201004,-0.43462814070351763,-0.0016030150753768846,0.0,0.0,-0.4345326633165829,0.8691608040201004,-0.43462814070351763,-0.0016030150753768846
0.0,0.0,0.0,-0.43534673366834176,0.8707839195979898,-0.43543718592964825,-0.0015477386934673373,0.0,0.0,-0.43534673366834176,0.8707839195979898,-0.43543718592964825,-0.0015477386934673373
0.0,0.0,0.0,-0.4361608040201005,0.8724070351758793,-0.4362462311557789,-0.00149246231155779,0.0,0.0,-0.4361608040201005,0.8724070351758793,-0.4362462311557789,-0.00149246231155779
0.0,0.0,0.0,-0.43697487437185933,0.8740301507537688,-0.43705527638190955,-0.0014371859296482409,0.0,0.0,-0.43697487437185933,0.8740301507537688,-0.43705527638190955,-0.0014371859296482409
0.0,0.0,0.0,-0.43778894472361807,0.8756532663316583,-0.43786432160804023,-0.0013819095477386936,0.0,0.0,-0.43778894472361807,0.8756532663316583,-0.43786432160804023,-0.0013819095477386936
0.0,0.0,0.0,-0.4386030150753769,0.8772763819095477,-0.43867336683417085,-0.0013266331658291462,0.0,0.0,-0.4386030150753769,0.8772763819095477,-0.43867336683417085,-0.0013266331658291462
0.0,0.0,0.0,-0.4394170854271357,0.8788994974874371,-0.43948241206030153,-0.0012713567839195972,0.0,0.0,-0.4394170854271357,0.8788994974874371,-0.43948241206030153,-0.0012713567839195972
0.0,0.0,0.0,-0.4402311557788945,0.8805226130653265,-0.44029145728643215,-0.0012160804020100516,0.0,0.0,-0.4402311557788945,0.8805226130653265,-0.44029145728643215,-0.0012160804020100516
0.0,0.0,0.0,-0.4410452261306533,0.8821457286432159,-0.44110050251256283,-0.0011608040201005025,0.0,0.0,-0.4410452261306533,0.8821457286432159,-0.44110050251256283,-0.0011608040201005025
0.0,0.0,0.0,-0.44185929648241207,0.8837688442211055,-0.4419095477386935,-0.0011055276381909552,0.0,0.0,-0.44185929648241207,0.8837688442211055,-0.4419095477386935,-0.0011055276381909552
0.0,0.0,0.0,-0.44267336683417086,0.8853919597989949,-0.44271859296482413,-0.0010502512562814061,0.0,0.0,-0.44267336683417086,0.8853919597989949,-0.44271859296482413,-0.0010502512562814061
0.0,0.0,0.0,-0.44348743718592964,0.8870150753768844,-0.44352763819095475,-0.0009949748743718588,0.0,0.0,-0.44348743718592964,0.8870150753768844,-0.44352763819095475,-0.0009949748743718588
0.0,0.0,0.0,-0.44430150753768843,0.8886381909547738,-0.44433668341708543,-0.0009396984924623115,0.0,0.0,-0.44430150753768843,0.8886381909547738,-0.44433668341708543,-0.0009396984924623115
0.0,0.0,0.0,-0.4451155778894472,0.8902613065326632,-0.4451457286432161,-0.0008844221105527642,0.0,0.0,-0.4451155778894472,0.8902613065326632,-0.4451457286432161,-0.0008844221105527642
0.0,0.0,0.0,-0.44592964824120607,0.8918844221105526,-0.44595477386934673,-0.0008291457286432168,0.0,0.0,-0.44592964824120607,0.8918844221105526,-0.44595477386934673,-0.0008291457286432168
0.0,0.0,,-0.4467437185929648,0.8935075376884422,-0.4467638190954774,-0.0007738693467336678,0.0,0.0,-0.4467437185929648,0.8935075376884422,-0.4467638190954774,-0.0007738693467336678
0.0,0.0,,-0.44755778894472364,0.8951306532663316,-0.44757286432160803,-0.0007185929648241204,0.0,0.0,-0.44755778894472364,0.8951306532663316,-0.44757286432160803,-0.0007185929648241204
0.0,0.0,,-0.4483718592964824,0.896753768844221,-0.4483819095477387,-0.0006633165829145731,0.0,0.0,-0.4483718592964824,0.896753768844221,-0.4483819095477387,-0.0006633165829145731
0.0,0.0,,-0.4491859296482412,0.8983768844221105,-0.4491909547738694,-0.0006080402010050258,0.0,0.0,-0.4491859296482412,0.8983768844221105,-0.4491909547738694,-0.0006080402010050258
0.0,0.0,,-0.45,0.8999999999999999,-0.45,-0.0005527638190954767,0.0,0.0,-0.45,0.8999999999999999,-0.45,-0.0005527638190954767
