0.0,0.0,0.0,-23.583100780887047,46.56620156177408,-31.283100780887047,0.0,0.0,0.0,-22.083100780887047,42.56620156177408,-28.783100780887047,0.0
0.0,0.0,0.0,-23.583100780887047,46.56620156177408,-31.283100780887047,0.0,0.0,0.0,-22.083100780887047,42.56620156177408,-28.783100780887047,0.0
0.0,0.0,0.0,-23.583100780887047,46.56620156177408,-31.283100780887047,0.0,0.0,0.0,-22.083100780887047,42.56620156177408,-28.783100780887047,0.0
0.0,0.0,0.0,-23.583100780887047,46.56620156177408,-31.283100780887047,0.0,0.0,0.0,-22.083100780887047,42.56620156177408,-28.783100780887047,0.0
0.0,0.0,0.0,-23.583100780887047,46.56620156177408,-31.283100780887047,0.0,0.0,0.0,-22.083100780887047,42.56620156177408,-28.783100780887047,0.0
0.0,0.0,0.0,-23.583100780887047,46.56620156177408,-31.283100780887047,0.0,0.0,0.0,-22.083100780887047,42.56620156177408,-28.783100780887047,0.0
0.0,0.0,0.0,-23.583100780887047,46.56620156177408,-31.283100780887047,0.0,0.0,0.0,-22.083100780887047,42.56620156177408,-28.783100780887047,0.0
0.0,0.0,0.0,-23.583100780887047,46.56620156177408,-31.283100780887047,0.0,0.0,0.0,-22.083100780887047,42.56620156177408,-28.783100780887047,0.0
0.0,0.0,0.0,-23.583100780887047,46.56620156177408,-31.283100780887047,0.0,0.0,0.0,-22.083100780887047,42.56620156177408,-28.783100780887047,0.0
0.0,0.0,0.0,-23.583100780887047,46.56620156177408,-31.283100780887047,0.0,0.0,0.0,-22.083100780887047,42.56620156177408,-28.783100780887047,0.0
0.0,0.0,0.0,-23.583100780887047,46.56620156177408,-31.283100780887047,0.0,0.0,0.0,-22.083100780887047,42.56620156177408,-28.783100780887047,0.0
0.0,0.0,0.0,-23.583100780887047,46.56620156177408,-31.283100780887047,0.0,0.0,0.0,-22.083100780887047,42.56620156177408,-28.783100780887047,0.0
0.0,0.0,0.0,-23.583100780887047,46.56620156177408,-31.283100780887047,0.0,0.0,0.0,-22.083100780887047,42.56620156177408,-28.783100780887047,0.0
0.0,0.0,0.0,-23.583100780887047,46.56620156177408,-31.283100780887047,0.0,0.0,0.0,-22.083100780887047,42.56620156177408,-28.783100780887047,0.0
0.0,0.0,0.0,-23.583100780887047,46.56620156177408,-31.283100780887047,0.0,0.0,0.0,-22.083100780887047,42.56620156177408,-28.783100780887047,0.0
0.0,0.0,0.0,-23.583100780887047,46.56620156177408,-31.283100780887047,0.0,0.0,0.0,-22.083100780887047,42.56620156177408,-28.783100780887047,0.0
0.0,0.0,0.0,-23.583100780887047,46.56620156177408,-31.283100780887047,0.0,0.0,0.0,-22.083100780887047,42.56620156177408,-28.783100780887047,0.0
0.0,0.0,0.0,-23.583100780887047,46.56620156177408,-31.283100780887047,0.0,0.0,0.0,-22.083100780887047,42.56620156177408,-28.783100780887047,0.0
0.0,0.0,0.0,-23.583100780887047,46.56620156177408,-31.283100780887047,0.0,0.0,0.0,-22.083100780887047,42.56620156177408,-28.783100780887047,0.0
0.0,0.0,0.0,-23.583100780887047,46.56620156177408,-31.283100780887047,0.0,0.0,0.0,-22.083100780887047,42.56620156177408,-28.783100780887047,0.0
0.0,0.0,0.0,-23.583100780887047,46.56620156177408,-31.283100780887047,0.0,0.0,0.0,-22.083100780887047,42.56620156177408,-28.783100780887047,0.0
0.0,0.0,0.0,-23.583100780887047,46.56620156177408,-31.283100780887047,0.0,0.0,0.0,-22.083100780887047,42.56620156177408,-28.783100780887047,0.0
0.0,0.0,0.0,-23.583100780887047,46.56620156177408,-31.283100780887047,0.0,0.0,0.0,-22.083100780887047,42.56620156177408,-28.783100780887047,0.0
0.0,0.0,0.0,-23.583100780887047,46.56620156177408,-31.283100780887047,0.0,0.0,0.0,-22.083100780887047,42.56620156177408,-28.783100780887047,0.0
0.0,0.0,0.0,-23.583100780887047,46.56620156177408,-31.283100780887047,0.0,0.0,0.0,-22.083100780887047,42.56620156177408,-28.783100780887047,0.0
0.0,0.0,0.0,-23.583100780887047,46.56620156177408,-31.283100780887047,0.0,0.0,0.0,-22.083100780887047,42.56620156177408,-28.783100780887047,0.0
0.0,0.0,0.0,-23.583100780887047,46.56620156177408,-31.283100780887047,0.0,0.0,0.0,-22.083100780887047,42.56620156177408,-28.783100780887047,0.0
0.0,0.0,0.0,-23.583100780887047,46.56620156177408,-31.283100780887047,0.0,0.0,0.0,-22.083100780887047,42.56620156177408,-28.783100780887047,0.0
0.0,0.0,0.0,-23.583100780887047,46.56620156177408,-31.283100780887047,0.0,0.0,0.0,-22.083100780887047,42.56620156177408,-28.783100780887047,0.0
0.0,0.0,0.0,-23.583100780887047,46.56620156177408,-31.283100780887047,0.0,0.0,0.0,-22.083100780887047,42.56620156177408,-28.783100780887047,0.0
0.0,0.0,0.0,-23.583100780887047,46.56620156177408,-31.283100780887047,0.0,0.0,0.0,-22.083100780887047,42.56620156177408,-28.783100780887047,0.0
0.0,0.0,0.0,-23.583100780887047,46.56620156177408,-31.283100780887047,0.0,0.0,0.0,-22.083100780887047,42.56620156177408,-28.783100780887047,0.0
0.0,0.0,0.0,-23.583100780887047,46.56620156177408,-31.283100780887047,0.0,0.0,0.0,-22.083100780887047,42.56620156177408,-28.783100780887047,0.0
0.0,0.0,0.0,-23.583100780887047,46.56620156177408,-31.283100780887047,0.0,0.0,0.0,-22.083100780887047,42.56620156177408,-28.783100780887047,0.0
0.0,0.0,0.0,-23.583100780887047,46.56620156177408,-31.283100780887047,0.0,0.0,0.0,-22.083100780887047,42.56620156177408,-28.783100780887047,0.0
0.0,0.0,0.0,-23.583100780887047,46.56620156177408,-31.283100780887047,0.0,0.0,0.0,-22.083100780887047,42.56620156177408,-28.783100780887047,0.0
0.0,0.0,0.0,-23.583100780887047,46.56620156177408,-31.283100780887047,0.0,0.0,0.0,-22.083100780887047,42.56620156177408,-28.783100780887047,0.0
0.0,0.0,0.0,-23.583100780887047,46.56620156177408,-31.283100780887047,0.0,0.0,0.0,-22.083100780887047,42.56620156177408,-28.783100780887047,0.0
0.0,0.0,0.0,-23.583100780887047,46.56620156177408,-31.283100780887047,0.0,0.0,0.0,-22.083100780887047,42.56620156177408,-28.783100780887047,0.0
0.0,0.0,0.0,-23.583100780887047,46.56620156177408,-31.283100780887047,0.0,0.0,0.0,-22.083100780887047,42.56620156177408,-28.783100780887047,0.0
0.0,0.0,0.0,-23.583100780887047,46.56620156177408,-31.283100780887047,0.0,0.0,0.0,-22.083100780887047,42.56620156177408,-28.783100780887047,0.0
0.0,0.0,0.0,-23.583100780887047,46.56620156177408,-31.283100780887047,0.0,0.0,0.0,-22.083100780887047,42.56620156177408,-28.783100780887047,0.0
0.0,0.0,0.0,-23.583100780887047,46.56620156177408,-31.283100780887047,0.0,0.0,0.0,-22.083100780887047,42.56620156177408,-28.783100780887047,0.0
0.0,0.0,0.0,-23.583100780887047,46.56620156177408,-31.283100780887047,0.0,0.0,0.0,-22.083100780887047,42.56620156177408,-28.783100780887047,0.0
0.0,0.0,0.0,-23.583100780887047,46.56620156177408,-31.283100780887047,0.0,0.0,0.0,-22.083100780887047,42.56620156177408,-28.783100780887047,0.0
0.0,0.0,0.0,-23.583100780887047,46.56620156177408,-31.283100780887047,0.0,0.0,0.0,-22.083100780887047,42.56620156177408,-28.783100780887047,0.0
0.0,0.0,0.0,-23.583100780887047,46.56620156177408,-31.283100780887047,0.0,0.0,0.0,-22.083100780887047,42.56620156177408,-28.783100780887047,0.0
0.0,0.0,0.0,-23.583100780887047,46.56620156177408,-31.283100780887047,0.0,0.0,0.0,-22.083100780887047,42.56620156177408,-28.783100780887047,0.0
0.0,0.0,0.0,-23.583100780887047,46.56620156177408,-31.283100780887047,0.0,0.0,0.0,-22.083100780887047,42.56620156177408,-28.783100780887047,0.0
0.0,0.0,0.0,-23.583100780887047,46.56620156177408,-31.283100780887047,0.0,0.0,0.0,-22.083100780887047,42.56620156177408,-28.783100780887047,0.0
0.0,0.0,0.0,-23.583100780887047,46.56620156177408,-31.283100780887047,0.0,0.0,0.0,-22.083100780887047,42.56620156177408,-28.783100780887047,0.0
0.0,0.0,-0.11459155902616465,-23.52580500137396,46.508905782261,-31.283100780887047,0.6302535746439055,0.0,-0.6302535746439055,-21.27,42.56,-26.28,0.6302535746439055
0.0,0.0,-0.17188733853924698,-23.411213442347794,46.45161000274792,-31.22580500137396,1.2032113697747289,0.0,-1.2032113697747289,-21.27,42.56,-26.28,1.2032113697747289
0.0,0.0,-0.2864788975654116,-23.353917662834714,46.33701844372176,-31.111213442347793,1.7761691649055522,0.0,-1.7761691649055522,-21.27,42.56,-26.28,1.7761691649055522
0.0,0.0,-0.34377467707849396,-23.296621883321627,46.22242688469559,-30.882030324295464,2.349126960036375,0.0,-2.349126960036375,-21.27,42.56,-26.28,2.349126960036375
0.0,0.0,-0.4583662361046586,-23.182030324295464,46.10783532566943,-30.652847206243134,2.922084755167198,0.0,-2.922084755167198,-21.27,42.56,-26.28,2.922084755167198
0.0,0.0,-0.5156620156177409,-23.12473454478238,45.93594798713018,-30.309072529164638,3.437746770784939,0.0,-3.437746770784939,-21.27,42.56,-26.28,3.437746770784939
0.0,0.0,-0.5729577951308232,-23.010142985756218,45.76406064859093,-29.965297852086145,3.953408786402681,0.0,-3.953408786402681,-21.27,42.56,-26.28,3.953408786402681
0.0,0.0,-0.6875493541569879,-22.952847206243135,45.53487753053861,-29.62152317500765,4.469070802020421,0.0,-4.469070802020421,-21.27,42.56,-26.28,4.469070802020421
0.0,0.0,-0.7448451336700703,-22.83825564721697,45.36299019199936,-29.33504427744224,4.870141258611998,0.0,-4.927437038125079,-21.27,42.56,-26.28,4.927437038125079
0.0,0.0,-0.8021409131831525,-22.666368308677725,45.133807073947025,-29.048565379876838,5.328507494716657,0.0,-5.328507494716657,-21.27,42.56,-26.28,5.328507494716657
0.0,0.0,-0.8594366926962348,-22.55177674965156,44.96191973540778,-28.819382261824508,5.729577951308232,0.0,-5.729577951308232,-21.27,42.56,-26.28,5.729577951308232
0.0,0.0,-0.9167324722093172,-22.379889411112313,44.73273661735545,-28.70479070279834,6.130648407899809,0.0,-6.130648407899809,-21.27,42.56,-26.28,6.130648407899809
0.0,0.0,-0.9740282517223995,-22.208002072573063,44.50355349930312,-28.590199143772175,6.474423084978303,0.0,-6.474423084978303,-21.27,42.56,-26.28,6.474423084978303
0.0,0.0,-1.0313240312354819,-22.036114734033816,44.27437038125079,-28.590199143772175,6.818197762056798,0.0,-6.818197762056798,-21.27,42.56,-26.28,6.818197762056798
0.0,0.0,-1.088619810748564,-21.86422739549457,44.10248304271155,-28.532903364259095,7.16197243913529,0.0,-7.16197243913529,-21.27,42.56,-26.28,7.16197243913529
0.0,0.0,-1.1459155902616465,-21.692340056955327,43.873299924659214,-28.475607584746015,7.4484513367007015,0.0,-7.505747116213785,-21.27,42.56,-26.28,7.505747116213785
0.0,0.0,-1.1459155902616465,-21.52045271841608,43.64411680660689,-28.475607584746015,7.734930234266114,0.0,-7.792226013779196,-21.27,42.56,-26.28,7.792226013779196
0.0,0.0,-1.2032113697747289,-21.348565379876838,43.47222946806764,-28.475607584746015,7.964113352318443,0.0,-8.136000690857689,-33.38,57.4,-32.62,8.136000690857689
0.0,0.0,-1.260507149287811,-21.176678041337585,43.243046350015305,-28.532903364259095,8.250592249883855,0.0,-8.479775367936185,-33.38,57.4,-32.62,8.479775367936185
0.0,0.0,-1.260507149287811,-20.947494923285262,43.07115901147607,-28.590199143772175,8.479775367936185,0.0,-8.823550045014677,-33.38,57.4,-32.62,8.823550045014677
0.0,0.0,-1.3178029288008934,-20.775607584746016,42.89927167293681,-28.64749492328526,8.651662706475431,0.0,-9.167324722093172,-33.38,57.4,-32.62,9.167324722093172
0.0,0.0,-1.3178029288008934,-20.60372024620677,42.72738433439758,-28.762086482311425,8.88084582452776,0.0,-9.453803619658583,-33.38,57.4,-32.62,9.453803619658583
0.0,0.0,-1.3750987083139758,-20.374537128154437,42.55549699585832,-28.876678041337584,9.052733163067007,0.0,-9.740282517223996,-33.38,57.4,-32.62,9.740282517223996
0.0,0.0,-1.3750987083139758,-20.20264978961519,42.383609657319084,-28.99126960036375,9.167324722093172,0.0,-9.969465635276324,-33.38,57.4,-32.62,9.969465635276324
0.0,0.0,-1.3750987083139758,-20.030762451075944,42.26901809829291,-29.163156938902997,9.339212060632418,0.0,-10.198648753328655,-33.38,57.4,-32.62,10.198648753328655
0.0,0.0,-1.432394487827058,-19.858875112536687,42.15442653926675,-29.27774849792916,9.453803619658583,0.0,-10.370536091867901,-33.38,57.4,-32.62,10.370536091867901
0.0,0.0,-1.432394487827058,-19.68698777399744,41.9825392007275,-29.449635836468406,9.568395178684746,0.0,-10.485127650894064,-33.38,57.4,-32.793805346802806,10.485127650894064
0.0,0.0,-1.432394487827058,-19.515100435458194,41.925243421214425,-29.56422739549457,9.625690958197831,0.0,-10.542423430407148,-33.38,57.4,-31.53329819751499,10.542423430407148
0.0,0.0,-1.432394487827058,-19.343213096918948,41.810651862188266,-29.678818954520736,9.740282517223996,0.0,-10.542423430407148,-33.38,57.4,-30.27279104822719,10.542423430407148
0.0,0.0,-1.4896902673401407,-19.171325758379698,41.75335608267517,-29.850706293059982,9.797578296737077,0.0,-10.599719209920229,-33.38,57.4,-28.840396560400126,10.599719209920229
0.0,0.0,-1.4896902673401407,-19.056734199353535,41.638764523649016,-29.908002072573062,9.854874076250159,0.0,-10.542423430407148,-33.38,57.4,-27.293410513546895,10.542423430407148
0.0,0.0,-1.4896902673401407,-18.88484686081429,41.638764523649016,-30.02259363159923,9.854874076250159,0.0,-10.542423430407148,-33.38,57.4,-25.689128687180602,10.542423430407148
0.0,0.0,-1.4896902673401407,-18.770255301788126,41.581468744135925,-30.13718519062539,9.854874076250159,0.0,-10.485127650894064,-33.38,57.4,-23.970255301788125,10.485127650894064
0.0,0.0,-1.4896902673401407,-18.598367963248883,41.52417296462285,-30.251776749651558,9.854874076250159,0.0,-10.427831871380983,-33.38,46.634201907202936,-22.194086136882575,10.427831871380983
0.0,0.0,-1.4896902673401407,-18.48377640422272,41.52417296462285,-30.366368308677725,9.854874076250159,0.0,-10.313240312354818,-33.38,44.85803274229738,-20.360621192463938,10.313240312354818
0.0,0.0,-1.4896902673401407,-18.369184845196553,41.52417296462285,-30.480959867703884,9.854874076250159,0.0,-10.198648753328655,-33.38,42.96727201836567,-18.469860468532225,10.198648753328655
0.0,0.0,-1.4896902673401407,-18.254593286170394,41.581468744135925,-30.652847206243134,9.797578296737077,0.0,-10.084057194302488,-33.38,40.96191973540778,-16.63639552411359,10.084057194302488
0.0,0.0,-1.432394487827058,-18.082705947631144,41.581468744135925,-30.767438765269297,9.740282517223996,0.0,-9.969465635276324,-33.38,38.84197589342374,-14.802930579694957,9.969465635276324
0.0,0.0,-1.432394487827058,-17.968114388604977,41.638764523649016,-30.939326103808547,9.682986737710912,0.0,-9.797578296737077,-33.38,36.72203205143968,-13.026761414789402,9.797578296737077
0.0,0.0,-1.432394487827058,-17.853522829578814,41.69606030316209,-31.111213442347793,9.568395178684746,0.0,-9.625690958197831,-33.38,34.602088209455644,-11.365183808910018,9.625690958197831
0.0,0.0,-1.432394487827058,-17.738931270552648,41.75335608267517,-31.340396560400126,9.453803619658583,0.0,-9.453803619658583,-33.38,32.42484858795851,-9.703606203030628,9.453803619658583
0.0,0.0,-1.3750987083139758,-17.62433971152649,41.810651862188266,-31.512283898939373,9.339212060632418,0.0,-9.281916281119337,-33.38,30.36220052548755,-8.213915935690489,9.281916281119337
0.0,0.0,-1.3750987083139758,-17.50974815250032,41.925243421214425,-31.741467016991706,9.224620501606255,0.0,-9.110028942580088,-33.38,28.29955246301659,-6.838817227376513,9.110028942580088
0.0,0.0,-1.3750987083139758,-17.395156593474155,41.9825392007275,-31.913354355530952,9.052733163067007,0.0,-8.88084582452776,-33.38,26.351495959571793,-5.5783100780887,8.88084582452776
0.0,0.0,-1.3178029288008934,-17.28056503444799,42.097130759753675,-32.14253747358328,8.88084582452776,0.0,-8.651662706475431,-33.38,24.460735235640072,-4.4323944878270565,8.651662706475431
0.0,0.0,-1.3178029288008934,-17.108677695908742,42.211722318779834,-32.37172059163561,8.708958485988513,0.0,-8.4224795884231,-33.38,22.741861850247602,-3.4583662361046557,8.4224795884231
0.0,0.0,-1.260507149287811,-16.994086136882576,42.326313877805994,-32.65819948920102,8.479775367936185,0.0,-8.193296470370772,-33.38,21.137580023881295,-2.59892954340842,8.193296470370772
0.0,0.0,-1.260507149287811,-16.879494577856413,42.44090543683216,-32.88738260725335,8.250592249883855,0.0,-7.906817572805362,-33.38,19.705185536054238,-1.911380189251435,7.906817572805362
0.0,0.0,-1.2032113697747289,-16.707607239317166,42.55549699585832,-33.17386150481876,8.021409131831527,0.0,-7.620338675239949,-33.38,18.330086827740267,-1.3384223941206113,7.620338675239949
0.0,0.0,-1.1459155902616465,-16.593015680291,42.67008855488448,-33.46034040238417,7.792226013779196,0.0,-7.333859777674538,-24.54681929994958,17.184171237478616,-0.9373519375290345,7.333859777674538
0.0,0.0,-1.1459155902616465,-16.421128341751754,42.84197589342374,-33.689523520436495,7.505747116213785,0.0,-7.0473808801091264,-23.859269945792597,16.152847206243134,-0.5935772604505405,7.0473808801091264
0.0,0.0,-1.088619810748564,-16.249241003212507,42.95656745244991,-34.033298197514995,7.219268218648373,0.0,-6.760901982543714,-23.229016371148692,15.293410513546895,-0.4216899219112933,6.760901982543714
0.0,0.0,-1.0313240312354819,-16.07735366467326,43.07115901147607,-34.31977709508041,6.875493541569878,0.0,-6.41712730546522,-22.65605857601787,14.663156938902993,-0.30709836288512893,6.41712730546522
0.0,0.0,-0.9740282517223995,-15.905466326134015,43.185750570502236,-34.60625599264581,6.531718864491385,0.0,-6.016056848873643,-20.593410513546896,11.34000172714422,0.9534087864026839,6.016056848873643
0.0,0.0,-0.9167324722093172,-15.733578987594761,43.300342129528396,-34.89273489021123,6.187944187412892,0.0,-5.672282171795151,-20.765297852086146,12.084846860814288,0.4377467707849423,5.672282171795151
0.0,0.0,-0.8594366926962348,-15.504395869542432,43.414933688554555,-35.23650956728972,5.7868737308213145,0.0,-5.328507494716657,-20.937185190625392,12.772396214971277,-0.13521102434588084,5.328507494716657
0.0,0.0,-0.8021409131831525,-15.275212751490102,43.529525247580715,-35.6375800238813,5.385803274229739,0.0,-4.984732817638162,-21.05177674965156,13.459945569128266,-0.7081688194767053,4.984732817638162
0.0,0.0,-0.7448451336700703,-14.988733853924693,43.586821027093805,-36.03865048047287,4.984732817638162,0.0,-4.583662361046586,-21.166368308677725,14.147494923285251,-1.2811266146075289,4.583662361046586
0.0,0.0,-0.6875493541569879,-14.70225495635928,43.64411680660689,-36.43972093706445,4.5263665815335035,0.0,-4.1252961249419275,-21.280959867703885,14.83504427744224,-1.8540844097383526,4.1252961249419275
0.0,0.0,-0.6302535746439055,-14.41577605879387,43.701412586119964,-36.8980871731691,4.068000345428844,0.0,-3.7242256683503507,-21.33825564721697,15.465297852086145,-2.4270422048691733,3.7242256683503507
0.0,0.0,-0.5156620156177409,-14.072001381715378,43.701412586119964,-37.35645340927377,3.5523383298111044,0.0,-3.20856365273261,-21.39555142673005,16.152847206243134,-2.999999999999997,3.20856365273261
0.0,0.0,-0.4583662361046586,-13.728226704636885,43.701412586119964,-37.87211542489151,3.0366763141933633,0.0,-2.7501974166279517,-21.452847206243135,16.72580500137396,-3.5729577951308205,2.7501974166279517
0.0,0.0,-0.34377467707849396,-13.327156248045306,43.64411680660689,-38.33048166099617,2.4637185190625397,0.0,-2.2345354010102105,-21.452847206243135,17.298762796504782,-4.1459155902616445,2.2345354010102105
0.0,0.0,-0.2864788975654116,-12.92608579145373,43.529525247580715,-38.731552117587746,1.8907607239317168,0.0,-1.6615776058793872,-21.39555142673005,17.871720591635604,-4.7188733853924685,1.6615776058793872
0.0,0.0,-0.17188733853924698,-12.525015334862154,43.414933688554555,-39.13262257417933,1.260507149287811,0.0,-1.1459155902616465,-21.39555142673005,18.330086827740267,-5.2918311805232925,1.1459155902616465
0.0,0.0,-0.11459155902616465,-12.066649098757491,43.300342129528396,-39.476397251257815,0.6875493541569879,0.0,-0.5729577951308232,-21.280959867703885,18.788453063844923,-5.80749319614103,0.5729577951308232
0.0,0.0,0.0,-11.608282862652835,43.128454790989146,-39.76287614882323,0.057295779513082325,0.0,0.057295779513082325,-21.166368308677725,19.189523520436495,-6.323155211758771,-0.057295779513082325
0.0,0.0,0.11459155902616465,-11.14991662654818,42.89927167293681,-40.04935504638864,-0.5729577951308232,0.0,0.6302535746439055,-20.994480970138476,19.59059397702807,-6.838817227376513,-0.6302535746439055
0.0,0.0,0.17188733853924698,-10.634254610930437,42.6127927753714,-40.278538164440974,-1.2032113697747289,0.0,1.2032113697747289,-20.82259363159923,19.877072874593484,-7.354479242994254,-1.2032113697747289
0.0,0.0,0.17188733853924698,-9.20186012310338,41.72,-43.830876494252074,-1.8334649444186344,0.0,1.3178029288008934,-20.07774849792916,20.621918008263556,-12.854874076250155,-1.8334649444186344
0.0,0.0,0.17188733853924698,-8.686198107485637,41.72,-43.94546805327823,-1.8334649444186344,0.0,1.3178029288008934,-19.79126960036375,20.793805346802802,-13.255944532841733,-1.8334649444186344
0.0,0.0,0.17188733853924698,-8.170536091867895,41.72,-44.00276383279132,-1.8334649444186344,0.0,1.3178029288008934,-19.562086482311425,20.90839690582897,-13.599719209920224,-1.8334649444186344
0.0,0.0,0.17188733853924698,-7.712169855763238,41.72,-43.94546805327823,-1.8334649444186344,0.0,1.3178029288008934,-19.275607584746016,20.96569268534205,-13.886198107485638,-1.8334649444186344
0.0,0.0,0.17188733853924698,-7.196507840145499,41.72,-43.77358071473898,-1.8334649444186344,0.0,1.3178029288008934,-18.93183290766752,20.96569268534205,-14.115381225537968,-1.8334649444186344
0.0,0.0,0.17188733853924698,-6.73814160404084,41.72,-43.487101817173574,-1.8334649444186344,0.0,1.3178029288008934,-18.645354010102107,20.90839690582897,-14.287268564077214,-1.8334649444186344
0.0,0.0,0.17188733853924698,-6.3370711474492625,41.72,-43.14332714009508,-1.8334649444186344,0.0,1.3178029288008934,-18.301579333023607,20.851101126315882,-14.40186012310338,-1.8334649444186344
0.0,0.0,0.17188733853924698,-5.878704911344605,41.72,-42.79955246301659,-1.8334649444186344,0.0,1.3178029288008934,-17.957804655945115,20.736509567289723,-14.516451682129546,-1.8334649444186344
0.0,0.0,0.17188733853924698,-5.477634454753028,41.72,-42.39848200642501,-1.8334649444186344,0.0,1.3178029288008934,-17.671325758379698,20.621918008263556,-14.573747461642625,-1.8334649444186344
0.0,0.0,3.3231552117587744,-5.076563998161451,41.72,-41.997411549833444,-1.8334649444186344,0.0,1.3178029288008934,-17.32755108130121,20.450030669724306,-14.631043241155709,-1.8334649444186344
0.0,0.0,3.896113006889598,-4.618197762056793,41.72,-41.71093265226803,-1.8334649444186344,0.0,1.3178029288008934,-16.98377640422272,20.27814333118506,-14.688339020668792,-1.8334649444186344
0.0,0.0,4.411775022507339,-4.159831525952133,41.72,-41.481749534215695,-2.4637185190625397,0.0,1.432394487827058,-16.640001727144224,20.048960213132734,-14.802930579694957,-2.4064227395494577
0.0,0.0,4.927437038125079,-3.7014652898474782,41.72,-41.30986219567645,-3.093972093706446,0.0,1.604281826366305,-16.29622705006573,19.819777095080404,-14.86022635920804,-2.9793805346802813
0.0,0.0,5.443099053742821,-3.243099053742818,41.72,-41.195270636650285,-3.7242256683503507,0.0,1.7188733853924696,-15.952452372987235,19.647889756541158,-14.974817918234203,-3.5523383298111044
0.0,0.0,5.901465289847479,-2.7847328176381607,41.72,-41.137974857137195,-4.297183463481174,0.0,1.8907607239317168,-15.551381916395659,19.418706638488825,-15.089409477260368,-4.068000345428844
0.0,0.0,6.359831525952138,-2.3263665815335006,41.72,-41.08067907762412,-4.870141258611998,0.0,2.005352282957882,-15.264903018830246,19.189523520436495,-15.204001036286531,-4.583662361046586
0.0,0.0,6.760901982543714,-2.3263665815335006,41.72,-41.76822843178111,-5.385803274229739,0.0,2.119943841984046,-14.921128341751754,18.903044622871082,-15.318592595312696,-5.0993243766643275
0.0,0.0,7.16197243913529,-2.3263665815335006,41.72,-42.91414402204276,-5.901465289847479,0.0,2.2345354010102105,-14.57735366467326,18.673861504818756,-15.375888374825776,-5.614986392282067
0.0,0.0,7.563042895726867,-2.3263665815335006,41.72,-44.461130068895976,-6.41712730546522,0.0,2.349126960036375,-14.233578987594761,18.444678386766427,-15.490479933851942,-6.0733526283867265
0.0,0.0,7.906817572805362,-2.3263665815335006,41.72,-46.29459501331462,-6.875493541569878,0.0,2.4637185190625397,-13.947100090029348,18.2154952687141,-15.547775713365024,-6.531718864491385
0.0,0.0,8.193296470370772,-2.3263665815335006,59.95,-48.299947296272485,-7.333859777674538,0.0,2.521014298575622,-13.660621192463939,17.98631215066177,-15.605071492878109,-6.932789321082962
0.0,0.0,8.594366926962348,-2.3263665815335006,59.95,-48.41453885529865,-7.734930234266114,0.0,2.635605857601787,-13.374142294898526,17.814424812122525,-15.719663051904273,-7.333859777674538
0.0,0.0,8.938141604040842,-8.055944532841732,59.95,-50.19070802020421,-8.136000690857689,0.0,2.7501974166279517,-13.087663397333117,17.58524169407019,-15.776958831417357,-7.677634454753032
0.0,0.0,9.339212060632418,-9.488339020668793,59.95,-51.737694067057426,-8.537071147449266,0.0,2.8074931961410337,-12.801184499767704,17.413354355530945,-15.834254610930437,-8.021409131831527
0.0,0.0,9.682986737710912,-10.863437728982767,59.95,-52.883609657319084,-8.88084582452776,0.0,2.922084755167198,-12.572001381715378,17.241467016991695,-15.89155039044352,-8.365183808910018
0.0,0.0,10.084057194302488,-12.066649098757491,59.95,-53.57115901147607,-9.224620501606255,0.0,2.9793805346802813,-12.342818263663045,17.06957967845245,-16.006141949469686,-8.651662706475431
0.0,0.0,14.438536437296746,-13.15526890950606,59.95,-53.74304635001532,-9.568395178684746,0.0,3.0366763141933633,-12.113635145610719,16.897692339913203,-16.06343772898277,-8.938141604040842
0.0,0.0,14.896902673401403,-14.014705602202294,59.95,-53.39927167293683,-9.912169855763244,0.0,3.093972093706446,-11.884452027558389,16.78310078088704,-16.17802928800893,-9.224620501606255
0.0,0.0,15.29797312999298,-14.644959176846196,59.95,-52.36794764170134,-10.313240312354818,0.0,3.151267873219528,-11.712564689019143,16.668509221860873,-16.235325067522012,-9.453803619658583
0.0,0.0,15.699043586584553,-15.504395869542432,59.95,-51.50851094900511,-10.714310768946396,0.0,3.20856365273261,-11.483381570966813,16.553917662834714,-16.34991662654818,-9.740282517223996
0.0,0.0,16.042818263663055,-21.45,59.95,-50.47718691776962,-11.11538122553797,0.0,3.2658594322456924,-11.311494232427563,16.496621883321627,-16.407212406061262,-9.912169855763244
0.0,0.0,16.272001381715377,-21.45,59.95,-49.273975547994894,-15.412564689019142,0.0,3.3231552117587744,-11.1969026734014,16.439326103808547,-16.521803965087425,-10.141352973815572
0.0,0.0,16.386592940741544,-21.45,59.95,-47.898876839680916,-15.870930925123801,0.0,3.380450991271857,-11.025015334862154,16.439326103808547,-16.63639552411359,-10.313240312354818
0.0,0.0,16.386592940741544,-21.45,59.95,-46.46648235185386,-16.32929716122846,0.0,3.380450991271857,-10.91042377583599,16.382030324295464,-16.750987083139755,-10.485127650894064
0.0,0.0,16.443888720254627,-21.45,59.95,-44.86220052548755,-16.67307183830696,0.0,3.437746770784939,-10.795832216809824,16.439326103808547,-16.865578642165918,-10.599719209920229
0.0,0.0,16.443888720254627,-21.45,59.95,-43.25791869912124,-17.01684651538545,0.0,3.4950425502980216,-10.738536437296741,16.439326103808547,-16.980170201192085,-10.771606548459477
0.0,0.0,16.386592940741544,-21.45,59.95,-41.539045313728785,-17.24602963343778,0.0,3.4950425502980216,-10.623944878270574,16.496621883321627,-17.094761760218248,-10.886198107485642
0.0,0.0,16.32929716122846,-21.45,59.95,-39.82017192833631,-17.36062119246394,0.0,3.5523383298111044,-10.623944878270574,16.611213442347793,-17.209353319244407,-11.000789666511807
0.0,0.0,16.272001381715377,-21.45,59.95,-38.10129854294384,-17.417916971977025,0.0,3.5523383298111044,-10.566649098757491,16.72580500137396,-17.209353319244407,-11.05808544602489
0.0,0.0,16.157409822689214,-21.45,59.95,-36.38242515755137,-17.417916971977025,0.0,3.5523383298111044,-10.566649098757491,16.840396560400123,-17.26664909875749,-11.172677005051053
0.0,0.0,15.985522484149968,-21.45,59.95,-34.72084755167198,-17.417916971977025,0.0,3.5523383298111044,-10.566649098757491,17.01228389893937,-17.209353319244407,-11.229972784564135
0.0,0.0,15.813635145610723,-21.45,59.95,-33.05926994579259,-17.417916971977025,0.0,3.6096341093241864,-10.623944878270574,17.184171237478616,-17.094761760218248,-11.229972784564135
0.0,0.0,15.641747807071475,-21.45,59.95,-31.512283898939373,-17.36062119246394,0.0,3.6096341093241864,-10.681240657783658,17.356058576017862,-16.980170201192085,-11.287268564077218
0.0,0.0,15.469860468532229,-21.45,59.95,-29.965297852086145,-17.24602963343778,0.0,3.6096341093241864,-10.795832216809824,17.58524169407019,-16.808282862652838,-11.287268564077218
0.0,0.0,15.240677350479897,-21.45,59.95,-28.590199143772175,-17.131438074411616,0.0,3.6096341093241864,-10.853127996322907,17.814424812122525,-16.63639552411359,-11.287268564077218
0.0,0.0,15.01149423242757,-21.45,38.94586288653414,-27.272396214971277,-16.95955073587237,0.0,3.6096341093241864,-10.967719555349074,18.04360793017485,-16.464508185574342,-11.287268564077218
0.0,0.0,14.725015334862157,-21.45,37.1123979421155,-26.01188906568347,-16.8449591768462,0.0,3.6096341093241864,-11.082311114375237,18.27279104822718,-16.34991662654818,-11.229972784564135
0.0,0.0,14.495832216809829,-21.45,35.27893299769686,-24.923269254934908,-16.615776058793873,0.0,3.5523383298111044,-11.1969026734014,18.559269945792593,-16.235325067522012,-11.229972784564135
0.0,0.0,14.209353319244418,-21.45,33.44546805327823,-23.83464944418634,-16.443888720254627,0.0,3.5523383298111044,-11.311494232427563,18.845748843358002,-16.235325067522012,-11.172677005051053
0.0,0.0,13.980170201192086,-21.45,31.726594667885763,-22.917916971977018,-16.2147056022023,0.0,3.5523383298111044,-11.42608579145373,19.132227740923415,-16.235325067522012,-11.11538122553797
0.0,0.0,13.693691303626675,-21.45,33.61735539181748,-23.83464944418634,-15.985522484149968,0.0,3.5523383298111044,-11.540677350479896,19.418706638488825,-16.34991662654818,-11.000789666511807
0.0,0.0,13.407212406061262,-21.45,32.07036934496426,-23.032508531003185,-15.75633936609764,0.0,3.4950425502980216,-11.59797312999298,19.762481315567317,-16.464508185574342,-10.886198107485642
0.0,0.0,13.06343772898277,-21.45,30.637974857137195,-22.40225495635928,-15.469860468532229,0.0,3.4950425502980216,-11.712564689019143,20.048960213132734,-16.63639552411359,-10.771606548459477
0.0,0.0,12.776958831417359,-21.45,29.320171928336308,-21.829297161228457,-15.240677350479897,0.0,3.437746770784939,-11.827156248045306,20.392734890211226,-16.865578642165918,-10.657014989433314
0.0,0.0,12.433184154338864,-21.45,24.736509567289723,-19.594761760218248,-14.954198452914486,0.0,3.437746770784939,-11.941747807071472,20.736509567289723,-17.094761760218248,-10.542423430407148
0.0,0.0,8.537071147449266,-21.45,25.02298846485513,-19.823944878270574,-14.667719555349075,0.0,3.380450991271857,-11.999043586584552,21.02298846485513,-17.323944878270574,-10.370536091867901
0.0,0.0,8.250592249883855,-21.45,25.366763141933625,-20.053127996322907,-14.381240657783664,0.0,3.3231552117587744,-12.113635145610719,21.366763141933625,-17.553127996322907,-10.198648753328655
0.0,0.0,7.906817572805362,-13.728226704636885,25.710537819012117,-20.282311114375236,-14.094761760218253,0.0,3.2658594322456924,-12.228226704636885,21.710537819012117,-17.782311114375236,-9.969465635276324
0.0,0.0,7.563042895726867,-13.842818263663045,25.997016716577534,-20.454198452914483,-13.750987083139757,0.0,3.20856365273261,-12.342818263663045,21.997016716577534,-17.954198452914483,-9.740282517223996
0.0,0.0,7.104676659622209,-13.900114043176128,26.283495614142947,-20.683381570966812,-13.464508185574346,0.0,3.151267873219528,-12.400114043176128,22.283495614142947,-18.183381570966812,-9.511099399171666
0.0,0.0,6.760901982543714,-14.014705602202294,26.62727029122144,-20.912564689019142,-9.568395178684746,0.0,3.093972093706446,-12.514705602202294,22.62727029122144,-18.35526890950606,-9.281916281119337
0.0,0.0,6.41712730546522,-14.072001381715378,26.85645340927377,-21.08445202755839,-9.224620501606255,0.0,3.0366763141933633,-12.629297161228457,22.85645340927377,-18.58445202755839,-8.995437383553925
0.0,0.0,6.016056848873643,-14.18659294074154,27.142932306839185,-21.256339366097635,-8.88084582452776,0.0,2.9793805346802813,-12.68659294074154,23.142932306839185,-18.756339366097635,-8.708958485988513
0.0,0.0,5.614986392282067,-14.243888720254624,27.37211542489151,-21.428226704636884,-8.537071147449266,0.0,2.922084755167198,-12.743888720254624,23.37211542489151,-18.928226704636884,-8.4224795884231
0.0,0.0,5.156620156177409,-14.301184499767704,27.544002763430754,-21.600114043176127,-8.078704911344607,0.0,2.8074931961410337,-12.801184499767704,23.544002763430754,-19.100114043176127,-8.078704911344607
0.0,0.0,4.69825392007275,-14.358480279280787,27.77318588148308,-21.714705602202294,-7.734930234266114,0.0,2.7501974166279517,-12.858480279280787,23.77318588148308,-19.214705602202294,-7.734930234266114
0.0,0.0,4.239887683968092,-14.358480279280787,27.887777440509247,-21.829297161228457,-7.39115555718762,0.0,2.635605857601787,-12.858480279280787,23.887777440509247,-19.329297161228457,-7.39115555718762
0.0,0.0,3.7242256683503507,-14.358480279280787,28.002368999535406,-21.943888720254623,-6.990085100596043,0.0,2.5783100780887045,-12.858480279280787,24.002368999535406,-19.443888720254623,-6.990085100596043
0.0,0.0,3.20856365273261,-14.358480279280787,28.059664779048504,-22.001184499767703,-6.589014644004467,0.0,2.4637185190625397,-12.858480279280787,24.059664779048504,-19.501184499767703,-6.589014644004467
0.0,0.0,2.635605857601787,-14.301184499767704,28.059664779048504,-22.058480279280786,-6.130648407899809,0.0,2.349126960036375,-12.801184499767704,24.059664779048504,-19.558480279280786,-6.130648407899809
0.0,0.0,2.0626480624709638,-14.301184499767704,28.059664779048504,-22.058480279280786,-5.729577951308232,0.0,2.2345354010102105,-12.801184499767704,24.059664779048504,-19.558480279280786,-5.729577951308232
0.0,0.0,1.4896902673401407,-14.301184499767704,28.059664779048504,-22.058480279280786,-5.213915935690491,0.0,2.119943841984046,-12.801184499767704,24.059664779048504,-19.558480279280786,-5.213915935690491
0.0,0.0,0.8594366926962348,-14.301184499767704,28.059664779048504,-22.058480279280786,-4.69825392007275,0.0,2.005352282957882,-12.801184499767704,24.059664779048504,-19.558480279280786,-4.69825392007275
0.0,0.0,0.2864788975654116,-14.301184499767704,28.059664779048504,-22.058480279280786,-4.182591904455009,0.0,1.8907607239317168,-12.801184499767704,24.059664779048504,-19.558480279280786,-4.182591904455009
0.0,0.0,0.0,-14.301184499767704,28.059664779048504,-22.058480279280786,-3.6096341093241864,0.0,1.7761691649055522,-12.801184499767704,24.059664779048504,-19.558480279280786,-3.6096341093241864
0.0,0.0,0.0,-14.301184499767704,28.059664779048504,-22.058480279280786,-3.0366763141933633,0.0,1.604281826366305,-12.801184499767704,24.059664779048504,-19.558480279280786,-3.0366763141933633
0.0,0.0,0.0,-14.301184499767704,28.059664779048504,-22.058480279280786,-2.4637185190625397,0.0,1.4896902673401407,-12.801184499767704,24.059664779048504,-19.558480279280786,-2.4637185190625397
0.0,0.0,0.0,-14.301184499767704,28.059664779048504,-22.058480279280786,-1.8907607239317168,0.0,1.3178029288008934,-12.801184499767704,24.059664779048504,-19.558480279280786,-1.8907607239317168
0.0,0.0,0.0,-14.301184499767704,28.059664779048504,-22.058480279280786,-1.260507149287811,0.0,1.2032113697747289,-12.801184499767704,24.059664779048504,-19.558480279280786,-1.260507149287811
0.0,0.0,0.0,-14.301184499767704,28.059664779048504,-22.058480279280786,-0.6302535746439055,0.0,0.0,-12.801184499767704,24.059664779048504,-19.558480279280786,-0.6302535746439055
0.0,0.0,0.0,-14.301184499767704,28.059664779048504,-22.058480279280786,-0.6302535746439055,0.0,0.0,-12.801184499767704,24.059664779048504,-19.558480279280786,-0.6302535746439055
0.0,0.0,0.0,-14.301184499767704,28.059664779048504,-22.058480279280786,-0.6302535746439055,0.0,0.0,-12.801184499767704,24.059664779048504,-19.558480279280786,-0.6302535746439055
0.0,0.0,0.0,-14.301184499767704,28.059664779048504,-22.058480279280786,-0.6302535746439055,0.0,0.0,-12.801184499767704,24.059664779048504,-19.558480279280786,-0.6302535746439055
0.0,0.0,0.0,-14.301184499767704,28.059664779048504,-22.058480279280786,-0.6302535746439055,0.0,0.0,-12.801184499767704,24.059664779048504,-19.558480279280786,-0.6302535746439055
0.0,0.0,0.0,-14.301184499767704,28.059664779048504,-22.058480279280786,-0.6302535746439055,0.0,0.0,-12.801184499767704,24.059664779048504,-19.558480279280786,-0.6302535746439055
0.0,0.0,0.0,-14.301184499767704,28.059664779048504,-22.058480279280786,-0.6302535746439055,0.0,0.0,-12.801184499767704,24.059664779048504,-19.558480279280786,-0.6302535746439055
0.0,0.0,0.0,-14.301184499767704,28.059664779048504,-22.058480279280786,-0.6302535746439055,0.0,0.0,-12.801184499767704,24.059664779048504,-19.558480279280786,-0.6302535746439055
0.0,0.0,0.0,-14.301184499767704,28.059664779048504,-22.058480279280786,-0.6302535746439055,0.0,0.0,-12.801184499767704,24.059664779048504,-19.558480279280786,-0.6302535746439055
0.0,0.0,0.0,-14.301184499767704,28.059664779048504,-22.058480279280786,-0.6302535746439055,0.0,0.0,-12.801184499767704,24.059664779048504,-19.558480279280786,-0.6302535746439055
0.0,0.0,0.0,-14.301184499767704,28.059664779048504,-22.058480279280786,-0.6302535746439055,0.0,0.0,-12.801184499767704,24.059664779048504,-19.558480279280786,-0.6302535746439055
0.0,0.0,0.0,-14.301184499767704,28.059664779048504,-22.058480279280786,-0.6302535746439055,0.0,0.0,-12.801184499767704,24.059664779048504,-19.558480279280786,-0.6302535746439055
0.0,0.0,0.0,-14.301184499767704,28.059664779048504,-22.058480279280786,-0.6302535746439055,0.0,0.0,-12.801184499767704,24.059664779048504,-19.558480279280786,-0.6302535746439055
0.0,0.0,0.0,-14.301184499767704,28.059664779048504,-22.058480279280786,-0.6302535746439055,0.0,0.0,-12.801184499767704,24.059664779048504,-19.558480279280786,-0.6302535746439055
0.0,0.0,0.0,-14.301184499767704,28.059664779048504,-22.058480279280786,-0.6302535746439055,0.0,0.0,-12.801184499767704,24.059664779048504,-19.558480279280786,-0.6302535746439055
0.0,0.0,0.0,-14.301184499767704,28.059664779048504,-22.058480279280786,-0.6302535746439055,0.0,0.0,-12.801184499767704,24.059664779048504,-19.558480279280786,-0.6302535746439055
0.0,0.0,0.0,-14.301184499767704,28.059664779048504,-22.058480279280786,-0.6302535746439055,0.0,0.0,-12.801184499767704,24.059664779048504,-19.558480279280786,-0.6302535746439055
0.0,0.0,0.0,-14.301184499767704,28.059664779048504,-22.058480279280786,-0.6302535746439055,0.0,0.0,-12.801184499767704,24.059664779048504,-19.558480279280786,-0.6302535746439055
0.0,0.0,0.0,-14.301184499767704,28.059664779048504,-22.058480279280786,-0.6302535746439055,0.0,0.0,-12.801184499767704,24.059664779048504,-19.558480279280786,-0.6302535746439055
0.0,0.0,0.0,-14.301184499767704,28.059664779048504,-22.058480279280786,-0.6302535746439055,0.0,0.0,-12.801184499767704,24.059664779048504,-19.558480279280786,-0.6302535746439055
0.0,0.0,0.0,-14.301184499767704,28.059664779048504,-22.058480279280786,-0.6302535746439055,0.0,0.0,-12.801184499767704,24.059664779048504,-19.558480279280786,-0.6302535746439055
0.0,0.0,0.0,-14.301184499767704,28.059664779048504,-22.058480279280786,-0.6302535746439055,0.0,0.0,-12.801184499767704,24.059664779048504,-19.558480279280786,-0.6302535746439055
0.0,0.0,0.0,-14.301184499767704,28.059664779048504,-22.058480279280786,-0.6302535746439055,0.0,0.0,-12.801184499767704,24.059664779048504,-19.558480279280786,-0.6302535746439055
0.0,0.0,0.0,-14.301184499767704,28.059664779048504,-22.058480279280786,-0.6302535746439055,0.0,0.0,-12.801184499767704,24.059664779048504,-19.558480279280786,-0.6302535746439055
0.0,0.0,0.0,-14.301184499767704,28.059664779048504,-22.058480279280786,-0.6302535746439055,0.0,0.0,-12.801184499767704,24.059664779048504,-19.558480279280786,-0.6302535746439055
0.0,0.0,0.0,-14.301184499767704,28.059664779048504,-22.058480279280786,-0.6302535746439055,0.0,0.0,-12.801184499767704,24.059664779048504,-19.558480279280786,-0.6302535746439055
0.0,0.0,0.0,-14.301184499767704,28.059664779048504,-22.058480279280786,-0.6302535746439055,0.0,0.0,-12.801184499767704,24.059664779048504,-19.558480279280786,-0.6302535746439055
0.0,0.0,0.0,-14.301184499767704,28.059664779048504,-22.058480279280786,-0.6302535746439055,0.0,0.0,-12.801184499767704,24.059664779048504,-19.558480279280786,-0.6302535746439055
0.0,0.0,0.0,-14.301184499767704,28.059664779048504,-22.058480279280786,-0.6302535746439055,0.0,0.0,-12.801184499767704,24.059664779048504,-19.558480279280786,-0.6302535746439055
0.0,0.0,0.0,-14.301184499767704,28.059664779048504,-22.058480279280786,-0.6302535746439055,0.0,0.0,-12.801184499767704,24.059664779048504,-19.558480279280786,-0.6302535746439055
0.0,0.0,0.0,-14.301184499767704,28.059664779048504,-22.058480279280786,-0.6302535746439055,0.0,0.0,-12.801184499767704,24.059664779048504,-19.558480279280786,-0.6302535746439055
0.0,0.0,0.0,-14.301184499767704,28.059664779048504,-22.058480279280786,-0.6302535746439055,0.0,0.0,-12.801184499767704,24.059664779048504,-19.558480279280786,-0.6302535746439055
0.0,0.0,0.0,-14.301184499767704,28.059664779048504,-22.058480279280786,-0.6302535746439055,0.0,0.0,-12.801184499767704,24.059664779048504,-19.558480279280786,-0.6302535746439055
0.0,0.0,0.0,-14.301184499767704,28.059664779048504,-22.058480279280786,-0.6302535746439055,0.0,0.0,-12.801184499767704,24.059664779048504,-19.558480279280786,-0.6302535746439055
0.0,0.0,0.0,-14.301184499767704,28.059664779048504,-22.058480279280786,-0.6302535746439055,0.0,0.0,-12.801184499767704,24.059664779048504,-19.558480279280786,-0.6302535746439055
0.0,0.0,0.0,-14.301184499767704,28.059664779048504,-22.058480279280786,-0.6302535746439055,0.0,0.0,-12.801184499767704,24.059664779048504,-19.558480279280786,-0.6302535746439055
0.0,0.0,0.0,-14.301184499767704,28.059664779048504,-22.058480279280786,-0.6302535746439055,0.0,0.0,-12.801184499767704,24.059664779048504,-19.558480279280786,-0.6302535746439055
0.0,0.0,0.0,-14.301184499767704,28.059664779048504,-22.058480279280786,-0.6302535746439055,0.0,0.0,-12.801184499767704,24.059664779048504,-19.558480279280786,-0.6302535746439055
0.0,0.0,0.0,-14.301184499767704,28.059664779048504,-22.058480279280786,-0.6302535746439055,0.0,0.0,-12.801184499767704,24.059664779048504,-19.558480279280786,-0.6302535746439055
0.0,0.0,0.0,-14.301184499767704,28.059664779048504,-22.058480279280786,-0.6302535746439055,0.0,0.0,-12.801184499767704,24.059664779048504,-19.558480279280786,-0.6302535746439055
0.0,0.0,0.0,-14.301184499767704,28.059664779048504,-22.058480279280786,-0.6302535746439055,0.0,0.0,-12.801184499767704,24.059664779048504,-19.558480279280786,-0.6302535746439055
0.0,0.0,0.0,-14.347827295150214,28.152662451323508,-23.10483515617328,-0.6302535746439055,0.0,0.0,-12.847827295150214,24.152662451323508,-20.60483515617328,-0.6302535746439055
0.0,0.0,0.0,-14.394470090532725,28.245660123598512,-23.151190033065774,-0.6302535746439055,0.0,0.0,-12.894470090532725,24.245660123598512,-20.651190033065774,-0.6302535746439055
0.0,0.0,0.0,-14.441112885915231,28.338657795873516,-23.197544909958268,-0.6302535746439055,0.0,0.0,-12.941112885915231,24.338657795873516,-20.697544909958268,-0.6302535746439055
0.0,0.0,0.0,-14.487755681297742,28.43165546814852,-23.24389978685076,-0.6302535746439055,0.0,0.0,-12.987755681297742,24.43165546814852,-20.74389978685076,-0.6302535746439055
0.0,0.0,0.0,-14.534398476680252,28.524653140423524,-23.290254663743255,-0.6302535746439055,0.0,0.0,-13.034398476680252,24.524653140423524,-20.790254663743255,-0.6302535746439055
0.0,0.0,0.0,-14.581041272062762,28.61765081269852,-23.33660954063575,-0.6302535746439055,0.0,0.0,-13.081041272062762,24.61765081269852,-20.83660954063575,-0.6302535746439055
0.0,0.0,0.0,-14.62768406744527,28.710648484973525,-23.382964417528243,-0.6302535746439055,0.0,0.0,-13.12768406744527,24.710648484973525,-20.882964417528243,-0.6302535746439055
0.0,0.0,0.0,-14.67432686282778,28.80364615724853,-23.429319294420736,-0.6302535746439055,0.0,0.0,-13.17432686282778,24.80364615724853,-20.929319294420736,-0.6302535746439055
0.0,0.0,0.0,-14.72096965821029,28.896643829523533,-23.47567417131323,-0.6302535746439055,0.0,0.0,-13.22096965821029,24.896643829523533,-20.97567417131323,-0.6302535746439055
0.0,0.0,0.0,-14.767612453592797,28.98964150179853,-23.522029048205724,-0.6302535746439055,0.0,0.0,-13.267612453592797,24.98964150179853,-21.022029048205724,-0.6302535746439055
0.0,0.0,0.0,-14.814255248975307,29.082639174073535,-23.568383925098217,-0.6270864712537353,0.0,0.0,-13.314255248975307,25.082639174073535,-21.068383925098217,-0.6270864712537353
0.0,0.0,0.0,-14.860898044357818,29.175636846348546,-23.61473880199071,-0.6239193678635649,0.0,0.0,-13.360898044357818,25.175636846348546,-21.11473880199071,-0.6239193678635649
0.0,0.0,0.0,-14.907540839740324,29.268634518623543,-23.661093678883205,-0.6207522644733944,0.0,0.0,-13.407540839740324,25.268634518623543,-21.161093678883205,-0.6207522644733944
0.0,0.0,0.0,-14.954183635122831,29.36163219089854,-23.7074485557757,-0.617585161083224,0.0,0.0,-13.454183635122831,25.36163219089854,-21.2074485557757,-0.617585161083224
0.0,0.0,0.0,-15.000826430505345,29.45462986317355,-23.753803432668192,-0.6144180576930537,0.0,0.0,-13.500826430505345,25.45462986317355,-21.253803432668192,-0.6144180576930537
0.0,0.0,0.0,-15.047469225887856,29.547627535448548,-23.800158309560686,-0.6112509543028835,0.0,0.0,-13.547469225887856,25.547627535448548,-21.300158309560686,-0.6112509543028835
0.0,0.0,0.0,-15.094112021270362,29.640625207723552,-23.846513186453183,-0.6080838509127129,0.0,0.0,-13.594112021270362,25.640625207723552,-21.346513186453183,-0.6080838509127129
0.0,0.0,0.0,-15.140754816652873,29.733622879998556,-23.892868063345674,-0.6049167475225425,0.0,0.0,-13.640754816652873,25.733622879998556,-21.392868063345674,-0.6049167475225425
0.0,0.0,0.0,-15.187397612035383,29.82662055227356,-23.93922294023817,-0.6017496441323722,0.0,0.0,-13.687397612035383,25.82662055227356,-21.43922294023817,-0.6017496441323722
0.0,0.0,0.0,-15.23404040741789,29.919618224548557,-23.98557781713066,-0.5985825407422019,0.0,0.0,-13.73404040741789,25.919618224548557,-21.48557781713066,-0.5985825407422019
0.0,0.0,0.0,-15.280683202800397,30.01261589682357,-24.031932694023155,-0.5954154373520314,0.0,0.0,-13.780683202800397,26.01261589682357,-21.531932694023155,-0.5954154373520314
0.0,0.0,0.0,-15.32732599818291,30.105613569098566,-24.07828757091565,-0.592248333961861,0.0,0.0,-13.82732599818291,26.105613569098566,-21.57828757091565,-0.592248333961861
0.0,0.0,0.0,-15.373968793565417,30.19861124137357,-24.124642447808142,-0.5890812305716907,0.0,0.0,-13.873968793565417,26.19861124137357,-21.624642447808142,-0.5890812305716907
0.0,0.0,0.0,-15.420611588947924,30.291608913648574,-24.17099732470064,-0.5859141271815204,0.0,0.0,-13.920611588947924,26.291608913648574,-21.67099732470064,-0.5859141271815204
0.0,0.0,0.0,-15.467254384330438,30.384606585923578,-24.21735220159313,-0.5827470237913499,0.0,0.0,-13.967254384330438,26.384606585923578,-21.71735220159313,-0.5827470237913499
0.0,0.0,0.0,-15.513897179712949,30.477604258198582,-24.263707078485627,-0.5795799204011794,0.0,0.0,-14.013897179712949,26.477604258198582,-21.763707078485627,-0.5795799204011794
0.0,0.0,0.0,-15.560539975095455,30.570601930473586,-24.310061955378117,-0.5764128170110092,0.0,0.0,-14.060539975095455,26.570601930473586,-21.810061955378117,-0.5764128170110092
0.0,0.0,0.0,-15.607182770477966,30.663599602748583,-24.356416832270614,-0.5732457136208389,0.0,0.0,-14.107182770477966,26.663599602748583,-21.856416832270614,-0.5732457136208389
0.0,0.0,0.0,-15.653825565860473,30.756597275023587,-24.402771709163105,-0.5700786102306683,0.0,0.0,-14.153825565860473,26.756597275023587,-21.902771709163105,-0.5700786102306683
0.0,0.0,0.0,-15.700468361242983,30.84959494729859,-24.4491265860556,-0.566911506840498,0.0,0.0,-14.200468361242983,26.84959494729859,-21.9491265860556,-0.566911506840498
0.0,0.0,0.0,-15.74711115662549,30.942592619573595,-24.495481462948092,-0.5637444034503276,0.0,0.0,-14.24711115662549,26.942592619573595,-21.995481462948092,-0.5637444034503276
0.0,0.0,0.0,-15.793753952008,31.0355902918486,-24.541836339840586,-0.5605773000601573,0.0,0.0,-14.293753952008,27.0355902918486,-22.041836339840586,-0.5605773000601573
0.0,0.0,0.0,-15.84039674739051,31.128587964123597,-24.588191216733083,-0.5574101966699868,0.0,0.0,-14.34039674739051,27.128587964123597,-22.088191216733083,-0.5574101966699868
0.0,0.0,0.0,-15.887039542773017,31.221585636398608,-24.634546093625573,-0.5542430932798165,0.0,0.0,-14.387039542773017,27.221585636398608,-22.134546093625573,-0.5542430932798165
0.0,0.0,0.0,-15.933682338155531,31.314583308673605,-24.68090097051807,-0.5510759898896461,0.0,0.0,-14.433682338155531,27.314583308673605,-22.18090097051807,-0.5510759898896461
0.0,0.0,0.0,-15.980325133538038,31.40758098094861,-24.72725584741056,-0.5479088864994758,0.0,0.0,-14.480325133538038,27.40758098094861,-22.22725584741056,-0.5479088864994758
0.0,0.0,0.0,-16.02696792892055,31.500578653223613,-24.773610724303058,-0.5447417831093054,0.0,0.0,-14.526967928920548,27.500578653223613,-22.273610724303058,-0.5447417831093054
0.0,0.0,0.0,-16.07361072430306,31.593576325498617,-24.81996560119555,-0.5415746797191349,0.0,0.0,-14.573610724303059,27.593576325498617,-22.31996560119555,-0.5415746797191349
0.0,0.0,0.0,-16.120253519685566,31.686573997773614,-24.866320478088042,-0.5384075763289646,0.0,0.0,-14.620253519685566,27.686573997773614,-22.366320478088042,-0.5384075763289646
0.0,0.0,0.0,-16.166896315068076,31.779571670048625,-24.912675354980536,-0.5352404729387943,0.0,0.0,-14.666896315068076,27.779571670048625,-22.412675354980536,-0.5352404729387943
0.0,0.0,0.0,-16.213539110450583,31.872569342323622,-24.95903023187303,-0.5320733695486237,0.0,0.0,-14.713539110450583,27.872569342323622,-22.45903023187303,-0.5320733695486237
0.0,0.0,0.0,-16.260181905833093,31.965567014598626,-25.005385108765527,-0.5289062661584534,0.0,0.0,-14.760181905833093,27.965567014598626,-22.505385108765527,-0.5289062661584534
0.0,0.0,0.0,-16.306824701215604,32.05856468687364,-25.051739985658017,-0.525739162768283,0.0,0.0,-14.806824701215604,28.058564686873638,-22.551739985658017,-0.525739162768283
0.0,0.0,0.0,-16.35346749659811,32.151562359148635,-25.098094862550514,-0.5225720593781127,0.0,0.0,-14.85346749659811,28.151562359148635,-22.598094862550514,-0.5225720593781127
0.0,0.0,0.0,-16.400110291980624,32.24456003142363,-25.144449739443004,-0.5194049559879423,0.0,0.0,-14.900110291980624,28.24456003142363,-22.644449739443004,-0.5194049559879423
0.0,0.0,0.0,-16.44675308736313,32.33755770369864,-25.1908046163355,-0.5162378525977719,0.0,0.0,-14.946753087363131,28.337557703698643,-22.6908046163355,-0.5162378525977719
0.0,0.0,0.0,-16.49339588274564,32.43055537597364,-25.237159493227995,-0.5130707492076015,0.0,0.0,-14.993395882745642,28.43055537597364,-22.737159493227995,-0.5130707492076015
0.0,0.0,0.0,-16.540038678128152,32.523553048248644,-25.283514370120486,-0.5099036458174312,0.0,0.0,-15.040038678128152,28.523553048248644,-22.783514370120486,-0.5099036458174312
0.0,0.0,0.0,-16.58668147351066,32.61655072052365,-25.329869247012983,-0.5067365424272608,0.0,0.0,-15.086681473510659,28.616550720523648,-22.829869247012983,-0.5067365424272608
0.0,0.0,0.0,-16.63332426889317,32.70954839279865,-25.376224123905473,-0.5035694390370904,0.0,0.0,-15.133324268893169,28.709548392798652,-22.876224123905473,-0.5035694390370904
0.0,0.0,0.0,-16.679967064275676,32.80254606507365,-25.42257900079797,-0.50040233564692,0.0,0.0,-15.179967064275676,28.80254606507365,-22.92257900079797,-0.50040233564692
0.0,0.0,0.0,-16.726609859658186,32.89554373734866,-25.46893387769046,-0.49723523225674965,0.0,0.0,-15.226609859658186,28.89554373734866,-22.96893387769046,-0.49723523225674965
0.0,0.0,0.0,-16.773252655040697,32.98854140962366,-25.515288754582958,-0.4940681288665793,0.0,0.0,-15.273252655040697,28.988541409623657,-23.015288754582958,-0.4940681288665793
0.0,0.0,0.0,-16.819895450423207,33.08153908189866,-25.561643631475448,-0.49090102547640885,0.0,0.0,-15.319895450423207,29.08153908189866,-23.061643631475448,-0.49090102547640885
0.0,0.0,0.0,-16.86653824580571,33.174536754173666,-25.607998508367945,-0.4877339220862385,0.0,0.0,-15.36653824580571,29.174536754173666,-23.107998508367945,-0.4877339220862385
0.0,0.0,0.0,-16.913181041188224,33.26753442644867,-25.65435338526044,-0.48456681869606816,0.0,0.0,-15.413181041188224,29.26753442644867,-23.15435338526044,-0.48456681869606816
0.0,0.0,0.0,-16.959823836570735,33.360532098723674,-25.70070826215293,-0.4813997153058978,0.0,0.0,-15.459823836570735,29.360532098723674,-23.20070826215293,-0.4813997153058978
0.0,0.0,0.0,-17.00646663195324,33.45352977099867,-25.747063139045427,-0.4782326119157274,0.0,0.0,-15.506466631953241,29.45352977099867,-23.247063139045427,-0.4782326119157274
0.0,0.0,0.0,-17.05310942733575,33.546527443273675,-25.793418015937917,-0.475065508525557,0.0,0.0,-15.553109427335752,29.546527443273675,-23.293418015937917,-0.475065508525557
0.0,0.0,0.0,-17.099752222718262,33.63952511554868,-25.839772892830414,-0.47189840513538667,0.0,0.0,-15.599752222718262,29.63952511554868,-23.339772892830414,-0.47189840513538667
0.0,0.0,0.0,-17.14639501810077,33.73252278782368,-24.886127769722904,-0.46873130174521627,0.0,0.0,-15.646395018100769,29.732522787823683,-22.386127769722904,-0.46873130174521627
0.0,0.0,0.0,-17.19303781348328,33.82552046009869,-24.9324826466154,-0.4655641983550458,0.0,0.0,-15.69303781348328,29.825520460098687,-22.4324826466154,-0.4655641983550458
0.0,0.0,0.0,-17.239680608865786,33.91851813237369,-24.97883752350789,-0.46239709496487547,0.0,0.0,-15.739680608865786,29.91851813237369,-22.47883752350789,-0.46239709496487547
0.0,0.0,0.0,-17.286323404248296,34.01151580464869,-25.02519240040039,-0.45922999157470507,0.0,0.0,-15.786323404248296,30.01151580464869,-22.52519240040039,-0.45922999157470507
0.0,0.0,0.0,-17.33296619963081,34.1045134769237,-25.071547277292883,-0.4560628881845347,0.0,0.0,-15.83296619963081,30.1045134769237,-22.571547277292883,-0.4560628881845347
0.0,0.0,0.0,-17.379608995013317,34.1975111491987,-25.117902154185373,-0.45289578479436443,0.0,0.0,-15.879608995013317,30.197511149198697,-22.617902154185373,-0.45289578479436443
0.0,0.0,0.0,-17.426251790395824,34.2905088214737,-25.16425703107787,-0.4497286814041939,0.0,0.0,-15.926251790395824,30.2905088214737,-22.66425703107787,-0.4497286814041939
0.0,0.0,0.0,-17.472894585778334,34.3835064937487,-25.21061190797036,-0.4465615780140236,0.0,0.0,-15.972894585778334,30.383506493748698,-22.71061190797036,-0.4465615780140236
0.0,0.0,0.0,-17.519537381160845,34.47650416602371,-25.256966784862858,-0.44339447462385323,0.0,0.0,-16.019537381160845,30.47650416602371,-22.756966784862858,-0.44339447462385323
0.0,0.0,0.0,-17.56618017654335,34.569501838298706,-25.30332166175535,-0.44022737123368283,0.0,0.0,-16.06618017654335,30.569501838298706,-22.80332166175535,-0.44022737123368283
0.0,0.0,0.0,-17.612822971925862,34.66249951057372,-25.349676538647845,-0.43706026784351243,0.0,0.0,-16.112822971925862,30.662499510573717,-22.849676538647845,-0.43706026784351243
0.0,0.0,0.0,-17.659465767308372,34.755497182848714,-25.396031415540335,-0.4338931644533421,0.0,0.0,-16.159465767308372,30.755497182848714,-22.896031415540335,-0.4338931644533421
0.0,0.0,0.0,-17.70610856269088,34.84849485512371,-25.442386292432833,-0.4307260610631717,0.0,0.0,-16.20610856269088,30.84849485512371,-22.942386292432833,-0.4307260610631717
0.0,0.0,0.0,-17.75275135807339,34.941492527398715,-25.488741169325326,-0.42755895767300134,0.0,0.0,-16.25275135807339,30.941492527398715,-22.988741169325326,-0.42755895767300134
0.0,0.0,0.0,-17.799394153455903,35.034490199673726,-25.53509604621782,-0.42439185428283094,0.0,0.0,-16.299394153455903,31.034490199673726,-23.03509604621782,-0.42439185428283094
0.0,0.0,0.0,-17.84603694883841,35.12748787194872,-25.581450923110314,-0.4212247508926605,0.0,0.0,-16.34603694883841,31.127487871948723,-23.081450923110314,-0.4212247508926605
0.0,0.0,0.0,-17.892679744220917,35.22048554422373,-25.627805800002804,-0.41805764750249014,0.0,0.0,-16.392679744220917,31.220485544223727,-23.127805800002804,-0.41805764750249014
0.0,0.0,0.0,-17.939322539603427,35.31348321649873,-25.6741606768953,-0.41489054411231985,0.0,0.0,-16.439322539603427,31.31348321649873,-23.1741606768953,-0.41489054411231985
0.0,0.0,0.0,-17.985965334985938,35.406480888773736,-25.7205155537878,-0.41172344072214934,0.0,0.0,-16.485965334985938,31.406480888773736,-23.2205155537878,-0.41172344072214934
0.0,0.0,0.0,-18.032608130368445,35.49947856104874,-25.76687043068029,-0.408556337331979,0.0,0.0,-16.532608130368445,31.49947856104874,-23.26687043068029,-0.408556337331979
0.0,0.0,0.0,-18.079250925750955,35.59247623332374,-25.81322530757278,-0.40538923394180865,0.0,0.0,-16.579250925750955,31.592476233323737,-23.31322530757278,-0.40538923394180865
0.0,0.0,0.0,-18.125893721133462,35.68547390559874,-25.859580184465276,-0.40222213055163825,0.0,0.0,-16.625893721133462,31.68547390559874,-23.359580184465276,-0.40222213055163825
0.0,0.0,0.0,-18.172536516515972,35.778471577873745,-25.90593506135777,-0.3990550271614679,0.0,0.0,-16.672536516515972,31.778471577873745,-23.40593506135777,-0.3990550271614679
0.0,0.0,0.0,-18.219179311898483,35.87146925014875,-25.952289938250264,-0.3958879237712975,0.0,0.0,-16.719179311898483,31.87146925014875,-23.452289938250264,-0.3958879237712975
0.0,0.0,0.0,-18.265822107280993,35.96446692242375,-25.998644815142757,-0.39272082038112716,0.0,0.0,-16.765822107280993,31.964466922423753,-23.498644815142757,-0.39272082038112716
0.0,0.0,0.0,-18.3124649026635,36.05746459469876,-26.044999692035248,-0.38955371699095676,0.0,0.0,-16.8124649026635,32.05746459469876,-23.544999692035248,-0.38955371699095676
0.0,0.0,0.0,-18.35910769804601,36.150462266973754,-26.091354568927745,-0.38638661360078635,0.0,0.0,-16.85910769804601,32.150462266973754,-23.591354568927745,-0.38638661360078635
0.0,0.0,0.0,-18.40575049342852,36.243459939248766,-26.137709445820242,-0.383219510210616,0.0,0.0,-16.90575049342852,32.243459939248766,-23.637709445820242,-0.383219510210616
0.0,0.0,0.0,-18.45239328881103,36.33645761152376,-26.184064322712732,-0.38005240682044555,0.0,0.0,-16.95239328881103,32.33645761152376,-23.684064322712732,-0.38005240682044555
0.0,0.0,0.0,-18.499036084193538,36.42945528379877,-26.230419199605226,-0.37688530343027515,0.0,0.0,-16.999036084193538,32.42945528379877,-23.730419199605226,-0.37688530343027515
0.0,0.0,0.0,-18.545678879576048,36.52245295607377,-26.27677407649772,-0.3737182000401048,0.0,0.0,-17.045678879576048,32.52245295607377,-23.77677407649772,-0.3737182000401048
0.0,0.0,0.0,-18.592321674958555,36.615450628348775,-26.323128953390214,-0.3705510966499344,0.0,0.0,-17.092321674958555,32.615450628348775,-23.823128953390214,-0.3705510966499344
0.0,0.0,0.0,-18.638964470341065,36.70844830062377,-26.36948383028271,-0.36738399325976406,0.0,0.0,-17.138964470341065,32.70844830062377,-23.86948383028271,-0.36738399325976406
0.0,0.0,0.0,-18.685607265723576,36.80144597289878,-26.4158387071752,-0.3642168898695937,0.0,0.0,-17.185607265723576,32.80144597289878,-23.9158387071752,-0.3642168898695937
0.0,0.0,0.0,-18.732250061106082,36.89444364517378,-26.46219358406769,-0.3610497864794233,0.0,0.0,-17.232250061106082,32.89444364517378,-23.96219358406769,-0.3610497864794233
0.0,0.0,0.0,-18.778892856488596,36.98744131744878,-26.50854846096019,-0.357882683089253,0.0,0.0,-17.278892856488596,32.98744131744878,-24.00854846096019,-0.357882683089253
0.0,0.0,0.0,-18.825535651871103,37.08043898972379,-26.554903337852686,-0.3547155796990826,0.0,0.0,-17.325535651871103,33.08043898972379,-24.054903337852686,-0.3547155796990826
0.0,0.0,0.0,-18.872178447253614,37.17343666199879,-26.601258214745176,-0.3515484763089122,0.0,0.0,-17.372178447253614,33.17343666199879,-24.101258214745176,-0.3515484763089122
0.0,0.0,0.0,-18.918821242636124,37.26643433427379,-26.64761309163767,-0.34838137291874177,0.0,0.0,-17.418821242636124,33.26643433427379,-24.14761309163767,-0.34838137291874177
0.0,0.0,0.0,-18.96546403801863,37.35943200654879,-26.693967968530163,-0.34521426952857137,0.0,0.0,-17.46546403801863,33.35943200654879,-24.193967968530163,-0.34521426952857137
0.0,0.0,0.0,-19.012106833401138,37.4524296788238,-26.740322845422657,-0.342047166138401,0.0,0.0,-17.512106833401138,33.4524296788238,-24.240322845422657,-0.342047166138401
0.0,0.0,0.0,-19.058749628783648,37.5454273510988,-26.786677722315154,-0.3388800627482307,0.0,0.0,-17.558749628783648,33.5454273510988,-24.286677722315154,-0.3388800627482307
0.0,0.0,0.0,-19.105392424166162,37.63842502337381,-26.833032599207645,-0.3357129593580603,0.0,0.0,-17.605392424166162,33.63842502337381,-24.333032599207645,-0.3357129593580603
0.0,0.0,0.0,-19.152035219548665,37.7314226956488,-26.879387476100142,-0.33254585596788994,0.0,0.0,-17.652035219548665,33.7314226956488,-24.379387476100142,-0.33254585596788994
0.0,0.0,0.0,-19.198678014931176,37.82442036792381,-26.925742352992632,-0.3293787525777195,0.0,0.0,-17.698678014931176,33.82442036792381,-24.425742352992632,-0.3293787525777195
0.0,0.0,0.0,-19.245320810313682,37.91741804019881,-26.97209722988513,-0.32621164918754914,0.0,0.0,-17.745320810313682,33.91741804019881,-24.47209722988513,-0.32621164918754914
0.0,0.0,0.0,-19.291963605696196,38.010415712473815,-27.01845210677762,-0.32304454579737873,0.0,0.0,-17.791963605696196,34.010415712473815,-24.51845210677762,-0.32304454579737873
0.0,0.0,0.0,-19.338606401078703,38.10341338474882,-27.064806983670113,-0.31987744240720833,0.0,0.0,-17.838606401078703,34.10341338474882,-24.564806983670113,-0.31987744240720833
0.0,0.0,0.0,-19.385249196461213,38.19641105702382,-27.111161860562607,-0.316710339017038,0.0,0.0,-17.885249196461213,34.19641105702382,-24.611161860562607,-0.316710339017038
0.0,0.0,0.0,-19.431891991843724,38.28940872929883,-27.1575167374551,-0.31354323562686764,0.0,0.0,-17.931891991843724,34.28940872929883,-24.6575167374551,-0.31354323562686764
0.0,0.0,0.0,-19.47853478722623,38.382406401573824,-27.203871614347598,-0.3103761322366973,0.0,0.0,-17.97853478722623,34.382406401573824,-24.703871614347598,-0.3103761322366973
0.0,0.0,0.0,-19.52517758260874,38.47540407384883,-27.250226491240088,-0.30720902884652684,0.0,0.0,-18.02517758260874,34.47540407384883,-24.750226491240088,-0.30720902884652684
0.0,0.0,0.0,-19.57182037799125,38.56840174612383,-27.296581368132586,-0.30404192545635644,0.0,0.0,-18.07182037799125,34.56840174612383,-24.796581368132586,-0.30404192545635644
0.0,0.0,0.0,-19.618463173373762,38.66139941839884,-27.342936245025076,-0.30087482206618604,0.0,0.0,-18.118463173373762,34.66139941839884,-24.842936245025076,-0.30087482206618604
0.0,0.0,0.0,-19.66510596875627,38.75439709067384,-27.389291121917573,-0.29770771867601575,0.0,0.0,-18.16510596875627,34.75439709067384,-24.889291121917573,-0.29770771867601575
0.0,0.0,0.0,-19.71174876413878,38.847394762948845,-27.435645998810063,-0.29454061528584535,0.0,0.0,-18.21174876413878,34.847394762948845,-24.935645998810063,-0.29454061528584535
0.0,0.0,0.0,-19.75839155952129,38.94039243522385,-27.482000875702557,-0.29137351189567495,0.0,0.0,-18.25839155952129,34.94039243522385,-24.982000875702557,-0.29137351189567495
0.0,0.0,0.0,-19.805034354903796,39.033390107498846,-27.52835575259505,-0.2882064085055046,0.0,0.0,-18.305034354903796,35.033390107498846,-25.02835575259505,-0.2882064085055046
0.0,0.0,0.0,-19.851677150286307,39.12638777977386,-27.574710629487544,-0.28503930511533415,0.0,0.0,-18.351677150286307,35.12638777977386,-25.074710629487544,-0.28503930511533415
0.0,0.0,0.0,-19.898319945668817,39.219385452048854,-27.62106550638004,-0.28187220172516386,0.0,0.0,-18.398319945668817,35.219385452048854,-25.12106550638004,-0.28187220172516386
0.0,0.0,0.0,-19.944962741051324,39.31238312432386,-27.667420383272532,-0.27870509833499346,0.0,0.0,-18.444962741051324,35.31238312432386,-25.167420383272532,-0.27870509833499346
0.0,0.0,0.0,-19.991605536433834,39.40538079659886,-27.71377526016503,-0.27553799494482306,0.0,0.0,-18.491605536433834,35.40538079659886,-25.21377526016503,-0.27553799494482306
0.0,0.0,0.0,-20.038248331816344,39.49837846887387,-27.76013013705752,-0.27237089155465266,0.0,0.0,-18.538248331816344,35.49837846887387,-25.26013013705752,-0.27237089155465266
0.0,0.0,0.0,-20.08489112719885,39.591376141148864,-27.806485013950017,-0.2692037881644823,0.0,0.0,-18.58489112719885,35.591376141148864,-25.306485013950017,-0.2692037881644823
0.0,0.0,0.0,-20.13153392258136,39.684373813423875,-27.85283989084251,-0.26603668477431197,0.0,0.0,-18.63153392258136,35.684373813423875,-25.35283989084251,-0.26603668477431197
0.0,0.0,0.0,-20.17817671796387,39.77737148569887,-27.899194767735,-0.2628695813841415,0.0,0.0,-18.67817671796387,35.77737148569887,-25.399194767735,-0.2628695813841415
0.0,0.0,0.0,-20.224819513346382,39.87036915797387,-27.945549644627494,-0.25970247799397117,0.0,0.0,-18.724819513346382,35.87036915797387,-25.445549644627494,-0.25970247799397117
0.0,0.0,0.0,-20.27146230872889,39.96336683024888,-27.991904521519988,-0.25653537460380077,0.0,0.0,-18.77146230872889,35.96336683024888,-25.491904521519988,-0.25653537460380077
0.0,0.0,0.0,-20.3181051041114,40.056364502523884,-28.038259398412485,-0.25336827121363037,0.0,0.0,-18.8181051041114,36.056364502523884,-25.538259398412485,-0.25336827121363037
0.0,0.0,0.0,-20.364747899493906,40.14936217479888,-28.08461427530498,-0.2502011678234601,0.0,0.0,-18.864747899493906,36.14936217479888,-25.58461427530498,-0.2502011678234601
0.0,0.0,0.0,-20.41139069487642,40.242359847073885,-28.130969152197466,-0.24703406443328965,0.0,0.0,-18.91139069487642,36.242359847073885,-25.630969152197466,-0.24703406443328965
0.0,0.0,0.0,-20.458033490258927,40.33535751934889,-28.177324029089966,-0.24386696104311925,0.0,0.0,-18.958033490258927,36.33535751934889,-25.677324029089966,-0.24386696104311925
0.0,0.0,0.0,-20.504676285641438,40.428355191623886,-28.22367890598246,-0.2406998576529489,0.0,0.0,-19.004676285641438,36.428355191623886,-25.72367890598246,-0.2406998576529489
0.0,0.0,0.0,-20.551319081023948,40.5213528638989,-28.270033782874954,-0.2375327542627785,0.0,0.0,-19.051319081023948,36.5213528638989,-25.770033782874954,-0.2375327542627785
0.0,0.0,0.0,-20.59796187640646,40.6143505361739,-28.316388659767448,-0.23436565087260808,0.0,0.0,-19.09796187640646,36.6143505361739,-25.816388659767448,-0.23436565087260808
0.0,0.0,0.0,-20.644604671788965,40.7073482084489,-28.362743536659934,-0.2311985474824378,0.0,0.0,-19.144604671788965,36.7073482084489,-25.862743536659934,-0.2311985474824378
0.0,0.0,0.0,-20.691247467171475,40.800345880723896,-28.409098413552435,-0.22803144409226736,0.0,0.0,-19.191247467171475,36.800345880723896,-25.909098413552435,-0.22803144409226736
0.0,0.0,0.0,-20.737890262553982,40.893343552998914,-28.45545329044493,-0.22486434070209696,0.0,0.0,-19.237890262553982,36.893343552998914,-25.95545329044493,-0.22486434070209696
0.0,0.0,0.0,-20.78453305793649,40.98634122527391,-28.501808167337423,-0.22169723731192653,0.0,0.0,-19.28453305793649,36.98634122527391,-26.001808167337423,-0.22169723731192653
0.0,0.0,0.0,-20.831175853319,41.079338897548915,-28.548163044229916,-0.21853013392175621,0.0,0.0,-19.331175853319,37.079338897548915,-26.048163044229916,-0.21853013392175621
0.0,0.0,0.0,-20.877818648701506,41.17233656982391,-28.59451792112241,-0.21536303053158584,0.0,0.0,-19.377818648701506,37.17233656982391,-26.09451792112241,-0.21536303053158584
0.0,0.0,0.0,-20.92446144408402,41.26533424209892,-28.640872798014904,-0.2121959271414155,0.0,0.0,-19.42446144408402,37.26533424209892,-26.140872798014904,-0.2121959271414155
0.0,0.0,0.0,-20.971104239466527,41.35833191437392,-28.687227674907398,-0.20902882375124507,0.0,0.0,-19.471104239466527,37.35833191437392,-26.187227674907398,-0.20902882375124507
0.0,0.0,0.0,-21.017747034849037,41.451329586648924,-28.73358255179989,-0.20586172036107467,0.0,0.0,-19.517747034849037,37.451329586648924,-26.23358255179989,-0.20586172036107467
0.0,0.0,0.0,-21.06438983023155,41.544327258923936,-28.779937428692385,-0.2026946169709043,0.0,0.0,-19.56438983023155,37.544327258923936,-26.279937428692385,-0.2026946169709043
0.0,0.0,0.0,-21.111032625614055,41.63732493119893,-28.82629230558488,-0.19952751358073395,0.0,0.0,-19.611032625614055,37.63732493119893,-26.32629230558488,-0.19952751358073395
0.0,0.0,0.0,-21.157675420996565,41.73032260347394,-28.872647182477372,-0.19636041019056358,0.0,0.0,-19.657675420996565,37.73032260347394,-26.372647182477372,-0.19636041019056358
0.0,0.0,0.0,-21.204318216379075,41.823320275748934,-28.919002059369866,-0.19319330680039318,0.0,0.0,-19.704318216379075,37.823320275748934,-26.419002059369866,-0.19319330680039318
0.0,0.0,0.0,-21.250961011761582,41.91631794802394,-28.96535693626236,-0.19002620341022278,0.0,0.0,-19.750961011761582,37.91631794802394,-26.46535693626236,-0.19002620341022278
0.0,0.0,0.0,-21.297603807144093,42.009315620298935,-29.011711813154854,-0.1868591000200524,0.0,0.0,-19.797603807144093,38.009315620298935,-26.511711813154854,-0.1868591000200524
0.0,0.0,0.0,-21.3442466025266,42.102313292573946,-29.058066690047347,-0.18369199662988203,0.0,0.0,-19.8442466025266,38.102313292573946,-26.558066690047347,-0.18369199662988203
0.0,0.0,0.0,-21.390889397909113,42.19531096484895,-29.10442156693984,-0.18052489323971171,0.0,0.0,-19.890889397909113,38.19531096484895,-26.60442156693984,-0.18052489323971171
0.0,0.0,0.0,-21.43753219329162,42.28830863712396,-29.150776443832335,-0.1773577898495412,0.0,0.0,-19.93753219329162,38.28830863712396,-26.650776443832335,-0.1773577898495412
0.0,0.0,0.0,-21.484174988674134,42.38130630939896,-29.19713132072483,-0.17419068645937089,0.0,0.0,-19.984174988674134,38.38130630939896,-26.69713132072483,-0.17419068645937089
0.0,0.0,0.0,-21.530817784056637,42.474303981673955,-29.243486197617322,-0.1710235830692005,0.0,0.0,-20.030817784056637,38.474303981673955,-26.743486197617322,-0.1710235830692005
0.0,0.0,0.0,-21.57746057943915,42.56730165394896,-29.289841074509816,-0.16785647967903017,0.0,0.0,-20.07746057943915,38.56730165394896,-26.789841074509816,-0.16785647967903017
0.0,0.0,0.0,-21.624103374821654,42.66029932622396,-29.33619595140231,-0.1646893762888598,0.0,0.0,-20.124103374821654,38.66029932622396,-26.83619595140231,-0.1646893762888598
0.0,0.0,0.0,-21.67074617020417,42.75329699849897,-29.382550828294804,-0.16152227289868937,0.0,0.0,-20.17074617020417,38.75329699849897,-26.882550828294804,-0.16152227289868937
0.0,0.0,0.0,-21.717388965586675,42.84629467077397,-29.428905705187297,-0.158355169508519,0.0,0.0,-20.217388965586675,38.84629467077397,-26.928905705187297,-0.158355169508519
0.0,0.0,0.0,-21.764031760969186,42.939292343048976,-29.47526058207979,-0.15518806611834865,0.0,0.0,-20.264031760969186,38.939292343048976,-26.97526058207979,-0.15518806611834865
0.0,0.0,0.0,-21.810674556351692,43.03229001532397,-29.521615458972285,-0.15202096272817828,0.0,0.0,-20.310674556351692,39.03229001532397,-27.021615458972285,-0.15202096272817828
0.0,0.0,0.0,-21.857317351734206,43.12528768759897,-29.56797033586478,-0.14885385933800782,0.0,0.0,-20.357317351734206,39.12528768759897,-27.06797033586478,-0.14885385933800782
0.0,0.0,0.0,-21.903960147116713,43.21828535987398,-29.614325212757265,-0.14568675594783748,0.0,0.0,-20.403960147116713,39.21828535987398,-27.114325212757265,-0.14568675594783748
0.0,0.0,0.0,-21.950602942499224,43.311283032148985,-29.660680089649766,-0.14251965255766713,0.0,0.0,-20.450602942499224,39.311283032148985,-27.160680089649766,-0.14251965255766713
0.0,0.0,0.0,-21.997245737881734,43.404280704423996,-29.70703496654226,-0.13935254916749665,0.0,0.0,-20.497245737881734,39.404280704423996,-27.20703496654226,-0.13935254916749665
0.0,0.0,0.0,-22.043888533264237,43.49727837669899,-29.753389843434753,-0.1361854457773264,0.0,0.0,-20.543888533264237,39.49727837669899,-27.253389843434753,-0.1361854457773264
0.0,0.0,0.0,-22.09053132864675,43.590276048974,-29.799744720327247,-0.13301834238715593,0.0,0.0,-20.59053132864675,39.590276048974,-27.299744720327247,-0.13301834238715593
0.0,0.0,0.0,-22.13717412402926,43.683273721248995,-29.84609959721974,-0.12985123899698559,0.0,0.0,-20.63717412402926,39.683273721248995,-27.34609959721974,-0.12985123899698559
0.0,0.0,0.0,-22.18381691941177,43.77627139352399,-29.892454474112235,-0.1266841356068152,0.0,0.0,-20.68381691941177,39.77627139352399,-27.392454474112235,-0.1266841356068152
0.0,0.0,0.0,-22.230459714794275,43.869269065798996,-29.93880935100473,-0.12351703221664477,0.0,0.0,-20.730459714794275,39.869269065798996,-27.43880935100473,-0.12351703221664477
0.0,0.0,0.0,-22.277102510176785,43.96226673807401,-29.985164227897222,-0.12034992882647441,0.0,0.0,-20.777102510176785,39.96226673807401,-27.485164227897222,-0.12034992882647441
0.0,0.0,0.0,-22.3237453055593,44.05526441034901,-30.03151910478971,-0.11718282543630407,0.0,0.0,-20.8237453055593,40.05526441034901,-27.53151910478971,-0.11718282543630407
0.0,0.0,0.0,-22.370388100941806,44.14826208262401,-30.07787398168221,-0.11401572204613371,0.0,0.0,-20.870388100941806,40.14826208262401,-27.57787398168221,-0.11401572204613371
0.0,0.0,0.0,-22.417030896324313,44.24125975489902,-30.124228858574703,-0.11084861865596325,0.0,0.0,-20.917030896324313,40.24125975489902,-27.624228858574703,-0.11084861865596325
0.0,0.0,0.0,-22.463673691706823,44.334257427174016,-30.170583735467197,-0.1076815152657929,0.0,0.0,-20.963673691706823,40.334257427174016,-27.670583735467197,-0.1076815152657929
0.0,0.0,0.0,-22.510316487089337,44.42725509944902,-30.21693861235969,-0.10451441187562253,0.0,0.0,-21.010316487089337,40.42725509944902,-27.71693861235969,-0.10451441187562253
0.0,0.0,0.0,-22.55695928247184,44.52025277172402,-30.263293489252185,-0.10134730848545219,0.0,0.0,-21.05695928247184,40.52025277172402,-27.763293489252185,-0.10134730848545219
0.0,0.0,0.0,-22.60360207785435,44.61325044399902,-30.30964836614468,-0.09818020509528183,0.0,0.0,-21.10360207785435,40.61325044399902,-27.80964836614468,-0.09818020509528183
0.0,0.0,0.0,-22.65024487323686,44.70624811627403,-30.356003243037172,-0.09501310170511137,0.0,0.0,-21.15024487323686,40.70624811627403,-27.856003243037172,-0.09501310170511137
0.0,0.0,0.0,-22.696887668619368,44.79924578854903,-30.402358119929666,-0.09184599831494102,0.0,0.0,-21.196887668619368,40.79924578854903,-27.902358119929666,-0.09184599831494102
0.0,0.0,0.0,-22.743530464001882,44.892243460824034,-30.44871299682216,-0.08867889492477066,0.0,0.0,-21.243530464001882,40.892243460824034,-27.94871299682216,-0.08867889492477066
0.0,0.0,0.0,-22.790173259384392,44.98524113309903,-30.495067873714653,-0.08551179153460031,0.0,0.0,-21.290173259384392,40.98524113309903,-27.995067873714653,-0.08551179153460031
0.0,0.0,0.0,-22.8368160547669,45.07823880537404,-30.541422750607147,-0.08234468814442986,0.0,0.0,-21.3368160547669,41.07823880537404,-28.041422750607147,-0.08234468814442986
0.0,0.0,0.0,-22.883458850149406,45.171236477649046,-30.58777762749964,-0.0791775847542595,0.0,0.0,-21.383458850149406,41.171236477649046,-28.08777762749964,-0.0791775847542595
0.0,0.0,0.0,-22.93010164553192,45.26423414992404,-30.634132504392134,-0.07601048136408914,0.0,0.0,-21.43010164553192,41.26423414992404,-28.134132504392134,-0.07601048136408914
0.0,0.0,0.0,-22.97674444091443,45.35723182219905,-30.680487381284628,-0.0728433779739187,0.0,0.0,-21.47674444091443,41.35723182219905,-28.180487381284628,-0.0728433779739187
0.0,0.0,0.0,-23.023387236296937,45.450229494474044,-30.726842258177122,-0.06967627458374843,0.0,0.0,-21.523387236296937,41.450229494474044,-28.226842258177122,-0.06967627458374843
0.0,0.0,0.0,-23.070030031679444,45.543227166749055,-30.773197135069616,-0.06650917119357797,0.0,0.0,-21.570030031679444,41.543227166749055,-28.273197135069616,-0.06650917119357797
0.0,0.0,0.0,-23.116672827061954,45.63622483902406,-30.81955201196211,-0.0633420678034076,0.0,0.0,-21.616672827061954,41.63622483902406,-28.31955201196211,-0.0633420678034076
0.0,0.0,0.0,-23.16331562244446,45.72922251129906,-30.865906888854603,-0.06017496441323716,0.0,0.0,-21.66331562244446,41.72922251129906,-28.365906888854603,-0.06017496441323716
0.0,0.0,0.0,-23.20995841782697,45.82222018357407,-30.912261765747097,-0.057007861023066805,0.0,0.0,-21.70995841782697,41.82222018357407,-28.412261765747097,-0.057007861023066805
0.0,0.0,0.0,-23.256601213209482,45.915217855849065,-30.95861664263959,-0.05384075763289645,0.0,0.0,-21.756601213209482,41.915217855849065,-28.45861664263959,-0.05384075763289645
0.0,0.0,0.0,-23.303244008591992,46.00821552812407,-31.004971519532084,-0.050673654242726095,0.0,0.0,-21.803244008591992,42.00821552812407,-28.504971519532084,-0.050673654242726095
0.0,0.0,0.0,-23.3498868039745,46.101213200399066,-31.051326396424578,-0.047506550852555736,0.0,0.0,-21.8498868039745,42.101213200399066,-28.551326396424578,-0.047506550852555736
0.0,0.0,,-23.39652959935701,46.19421087267407,-31.09768127331707,-0.04433944746238528,0.0,0.0,-21.89652959935701,42.19421087267407,-28.59768127331707,-0.04433944746238528
0.0,0.0,,-23.44317239473952,46.28720854494908,-31.144036150209566,-0.04117234407221493,0.0,0.0,-21.94317239473952,42.28720854494908,-28.644036150209566,-0.04117234407221493
0.0,0.0,,-23.489815190122023,46.38020621722408,-31.19039102710206,-0.03800524068204457,0.0,0.0,-21.989815190122023,42.38020621722408,-28.69039102710206,-0.03800524068204457
0.0,0.0,,-23.536457985504537,46.47320388949908,-31.236745903994553,-0.03483813729187422,0.0,0.0,-22.036457985504537,42.47320388949908,-28.736745903994553,-0.03483813729187422
