0.0,0.0,0.0,0.0,0.0,0.0,0.0,0.0,0.0,0.0,0.0,0.0,0.0
-0.0005931706400588155,-43.0,0.00014066696166992188,-24.0,47.30000000000001,-32.0,0.0017795119201764464,-34.0,0.0002651810646057129,-21.5,42.5,-28.4,0.001186341280117631
0.0,-43.0,-0.00021827220916748047,-24.0,47.30000000000001,-32.0,0.0,-34.0,0.0002651810646057129,-21.5,42.5,-28.4,0.0
0.0,-43.0,-0.00021827220916748047,-24.0,47.30000000000001,-32.0,0.0,-34.0,0.0002651810646057129,-21.5,42.5,-28.4,0.0
0.0,-43.0,-0.00021827220916748047,-24.0,47.30000000000001,-32.0,0.0,-34.0,-9.381771087646484e-05,-21.5,42.5,-28.4,0.0
0.0,-43.0,-0.00021827220916748047,-24.0,47.30000000000001,-32.0,0.0,-34.0,-9.381771087646484e-05,-21.5,42.5,-28.4,0.0
0.0,-43.0,0.00014066696166992188,-24.0,47.30000000000001,-161.0,0.0,-34.0,-9.381771087646484e-05,-21.5,42.5,-28.4,0.0
0.0,-43.0,0.00014066696166992188,-24.0,47.30000000000001,-32.0,0.0,-34.0,-9.381771087646484e-05,-21.5,42.5,-28.4,0.0
0.0,-43.0,0.00014066696166992188,-24.0,47.30000000000001,-32.0,0.0,-34.0,0.0002651810646057129,-21.5,42.5,-28.4,0.0
0.0,-43.0,0.00014066696166992188,-24.0,47.30000000000001,-32.0,0.0,-34.0,0.0002651810646057129,-21.5,42.5,-28.4,0.0
0.0,-43.0,0.00014066696166992188,-24.0,47.30000000000001,-32.0,0.0,-34.0,-9.381771087646484e-05,-21.5,42.5,-28.4,0.0
0.0,-43.0,0.00014066696166992188,-24.0,47.30000000000001,-32.0,0.0,-34.0,-9.381771087646484e-05,-21.5,42.5,-28.4,0.0
0.0,-43.0,0.00014066696166992188,-24.0,47.30000000000001,-32.0,0.0,-34.0,-9.381771087646484e-05,-21.5,42.5,-28.4,0.0
0.0,-43.0,0.00014066696166992188,-24.0,47.30000000000001,-32.0,0.0,-34.0,-9.381771087646484e-05,-21.5,42.5,-28.4,0.0
0.0,-43.0,0.00014066696166992188,-24.0,47.30000000000001,-32.0,0.0,-34.0,0.0002651810646057129,-21.5,42.5,-28.4,0.0
0.0,-43.0,0.00014066696166992188,-24.0,47.30000000000001,-32.0,0.0,-34.0,0.0002651810646057129,-21.5,42.5,-28.4,0.0
0.0,-43.0,0.00014066696166992188,-24.0,47.30000000000001,-32.0,0.0,-34.0,0.0002651810646057129,-21.5,42.5,-28.4,0.0
0.0,-43.0,0.00014066696166992188,-24.0,47.30000000000001,-32.0,0.0,-34.0,-9.381771087646484e-05,-21.5,42.5,-28.4,0.0
0.0,-43.0,0.00014066696166992188,-24.0,47.30000000000001,-32.0,0.0,-34.0,-9.381771087646484e-05,-21.5,42.5,-28.4,0.0
0.0,-43.0,-0.00021827220916748047,-24.0,47.30000000000001,-32.0,0.0,-34.0,-9.381771087646484e-05,-21.5,42.5,-28.4,0.0
0.0,-43.0,-0.00021827220916748047,-24.0,47.30000000000001,-32.0,0.0,-34.0,-9.381771087646484e-05,-21.5,42.5,-28.4,0.0
0.0,-43.0,0.00014066696166992188,-24.0,47.30000000000001,-32.0,0.0,-34.0,-9.381771087646484e-05,-21.5,42.5,-28.4,0.0
0.0,-43.0,0.00014066696166992188,-24.0,47.30000000000001,-32.0,0.0,-34.0,-9.381771087646484e-05,-21.5,42.5,-28.4,0.0
0.0,-43.0,-0.00021827220916748047,-24.0,47.30000000000001,-32.0,0.0,-34.0,0.0002651810646057129,-21.5,42.5,-28.4,0.0
0.0,-43.0,-0.00021827220916748047,-24.0,47.30000000000001,-32.0,0.0,-34.0,0.0002651810646057129,-21.5,42.5,-28.4,0.0
0.0,-43.0,-0.00021827220916748047,-24.0,47.30000000000001,-32.0,0.0,-34.0,0.0002651810646057129,-21.5,42.5,-28.4,0.0
0.0,-43.0,-0.00021827220916748047,-24.0,47.30000000000001,-32.0,0.0,-34.0,0.0002651810646057129,-21.5,42.5,-28.4,0.0
0.0,-43.0,-0.00021827220916748047,-24.0,47.30000000000001,-32.0,0.0,-34.0,-9.381771087646484e-05,-21.5,42.5,-28.4,0.0
0.0,-43.0,-0.00021827220916748047,-24.0,47.30000000000001,-32.0,0.0,-34.0,-9.381771087646484e-05,-21.5,42.5,-28.4,0.0
0.0,-43.0,-0.00021827220916748047,-24.0,47.30000000000001,-32.0,0.0,-34.0,-9.381771087646484e-05,-21.5,42.5,-28.4,0.0
0.0,-43.0,-0.00021827220916748047,-24.0,47.30000000000001,-32.0,0.0,-34.0,0.0002651810646057129,-21.5,42.5,-28.4,0.0
0.0,-43.0,-0.00021827220916748047,-24.0,47.30000000000001,-32.0,0.0,-34.0,0.0002651810646057129,-21.5,42.5,-28.4,0.0
0.0,-43.0,0.00014066696166992188,-24.0,47.30000000000001,-32.0,0.0,-34.0,0.0002651810646057129,-21.5,42.5,-28.4,0.0
0.0,-43.0,0.00014066696166992188,-24.0,47.30000000000001,-32.0,0.0,-34.0,0.0002651810646057129,-21.5,42.5,-28.4,0.0
0.0,-43.0,-0.00021827220916748047,-24.0,47.30000000000001,-32.0,0.0,-34.0,-9.381771087646484e-05,-21.5,42.5,-28.4,0.0
0.0,-43.0,-0.00021827220916748047,-24.0,47.30000000000001,-32.0,0.0,-34.0,-9.381771087646484e-05,-21.5,42.5,-28.4,0.0
0.0,-43.0,-0.00021827220916748047,-24.0,47.30000000000001,-32.0,0.0,-34.0,0.0002651810646057129,-21.5,42.5,-28.4,0.0
0.0,-43.0,-0.00021827220916748047,-24.0,47.30000000000001,-32.0,0.0,-34.0,0.0002651810646057129,-21.5,42.5,-28.4,0.0
0.0,-43.0,-0.00021827220916748047,-24.0,47.30000000000001,-32.0,0.0,-34.0,0.0002651810646057129,-21.5,42.5,-28.4,0.0
0.0,-43.0,-0.00021827220916748047,-24.0,47.30000000000001,-32.0,0.0,-34.0,0.0002651810646057129,-21.5,42.5,-28.4,0.0
0.0,-43.0,0.00014066696166992188,-24.0,47.30000000000001,-32.0,0.0,-34.0,-9.381771087646484e-05,-21.5,42.5,-28.4,0.0
0.0,-43.0,0.00014066696166992188,-24.0,47.30000000000001,-32.0,0.0,-34.0,-9.381771087646484e-05,-21.5,42.5,-28.4,0.0
0.0,-43.0,0.00014066696166992188,-24.0,47.30000000000001,-32.0,0.0,-34.0,0.0002651810646057129,-21.5,42.5,-28.4,0.0
0.0,-43.0,0.00014066696166992188,-24.0,47.30000000000001,-32.0,0.0,-34.0,0.0002651810646057129,-21.5,42.5,-28.4,0.0
0.0,-43.0,0.00014066696166992188,-24.0,47.30000000000001,-32.0,0.0,-34.0,0.0002651810646057129,-21.5,42.5,-28.4,0.0
0.0,-43.0,0.00014066696166992188,-24.0,47.30000000000001,-32.0,0.0,-34.0,-9.381771087646484e-05,-21.5,42.5,-28.4,0.0
0.0,-43.0,0.00014066696166992188,-24.0,47.30000000000001,-32.0,0.0,-34.0,-9.381771087646484e-05,-21.5,42.5,-28.4,0.0
0.0,-43.0,0.00014066696166992188,-24.0,47.30000000000001,-32.0,0.0,-34.0,-9.381771087646484e-05,-21.5,42.5,-28.4,0.0
0.0,-43.0,0.00014066696166992188,-24.0,47.30000000000001,-32.0,0.0,-34.0,-9.381771087646484e-05,-21.5,42.5,-28.4,0.0
0.0,-43.0,0.00014066696166992188,-24.0,47.30000000000001,-32.0,0.0,-34.0,0.0002651810646057129,-21.5,42.5,-28.4,0.0
0.0,-43.0,0.00014066696166992188,-24.0,47.30000000000001,-32.0,0.0,-34.0,0.0002651810646057129,-21.5,42.5,-28.4,0.0
0.0,-43.0,0.00014066696166992188,-24.0,47.30000000000001,-32.0,0.0,-34.0,0.0002651810646057129,-21.5,42.5,-28.4,0.0
0.0,-43.0,0.00014066696166992188,-24.0,47.30000000000001,-32.0,0.0,-34.0,0.0002651810646057129,-21.5,42.5,-28.4,0.0
0.0,-43.0,0.00014066696166992188,-24.0,47.30000000000001,-32.0,0.0,-34.0,-9.381771087646484e-05,-21.5,42.5,-28.4,0.0
0.0,-43.0,0.00014066696166992188,-24.0,47.30000000000001,-32.0,0.0,-34.0,-9.381771087646484e-05,-21.5,42.5,-28.4,0.0
0.0,-43.0,-0.08960211277008057,-24.0,47.30000000000001,-32.0,0.17498533427715302,-34.0,-0.4387565851211548,-21.5,42.5,-27.4,0.11270242184400558
0.0,-43.0,-0.08960211277008057,-24.0,46.30000000000001,-32.0,0.17498533427715302,-34.0,-0.4387565851211548,-20.5,42.5,-27.4,0.11270242184400558
0.0,-43.0,-0.29098498821258545,-24.0,46.30000000000001,-31.0,1.589104175567627,-34.0,-1.6100797653198242,-20.5,42.5,-26.4,1.7083314657211304
0.0,-43.0,-0.29098498821258545,-24.0,46.30000000000001,-31.0,1.589104175567627,-34.0,-1.6100797653198242,-20.5,42.5,-26.4,1.7083314657211304
0.0,-43.0,-0.46688079833984375,-24.0,46.30000000000001,-31.0,2.9925458431243896,-34.0,-1.6100797653198242,-20.5,42.5,-26.4,1.7083314657211304
-0.0005931706400588155,-43.0,-0.46688079833984375,-23.0,46.30000000000001,-30.0,2.9925458431243896,-34.0,-2.926068067550659,-20.5,42.5,-25.4,2.9035701751708984
-0.0005931706400588155,-43.0,-0.46688079833984375,-23.0,46.30000000000001,-30.0,4.0199174880981445,-34.0,-2.926068067550659,-20.5,42.5,-25.4,2.9035701751708984
-0.0005931706400588155,-43.0,-0.6571356058120728,-23.0,45.30000000000001,-30.0,4.0199174880981445,-34.0,-4.020930290222168,-20.5,42.5,-25.4,4.287437438964844
-0.0005931706400588155,-43.0,-0.6571356058120728,-23.0,45.30000000000001,-30.0,4.0199174880981445,-34.0,-4.020930290222168,-20.5,42.5,-25.4,4.287437438964844
-0.0005931706400588155,-43.0,-0.7863652110099792,-23.0,45.30000000000001,-29.0,5.179565906524658,-34.0,-5.027126789093018,-20.5,42.5,-25.4,5.23117208480835
-0.0005931706400588155,-43.0,-0.7863652110099792,-23.0,45.30000000000001,-29.0,5.179565906524658,-34.0,-5.027126789093018,-20.5,42.5,-25.4,5.23117208480835
-0.0005931706400588155,-43.0,-0.9281588792800903,-23.0,45.30000000000001,-29.0,6.031952381134033,-34.0,-5.834094047546387,-20.5,42.5,-25.4,6.021275043487549
-0.0005931706400588155,-43.0,-0.9281588792800903,-22.0,45.30000000000001,-29.0,6.031952381134033,-34.0,-5.834094047546387,-20.5,41.5,-25.4,6.021275043487549
-0.0005931706400588155,-43.0,-1.0419527292251587,-22.0,44.30000000000001,-29.0,6.797735691070557,-34.0,-6.623471736907959,-20.5,41.5,-25.4,6.752061367034912
-0.0005931706400588155,-43.0,-1.0419527292251587,-22.0,44.30000000000001,-29.0,6.797735691070557,-34.0,-6.623471736907959,-20.5,41.5,-25.4,6.752061367034912
-0.0005931706400588155,-43.0,-1.1392339169979095,-22.0,44.30000000000001,-29.0,7.371924877166748,-34.0,-7.4293622970581055,-20.5,41.5,-25.4,7.492931365966797
-0.0005931706400588155,-43.0,-1.1392339169979095,-22.0,44.30000000000001,-29.0,7.371924877166748,-34.0,-7.4293622970581055,-20.5,42.5,-25.4,7.492931365966797
-0.0005931706400588155,-43.0,-1.2314895391464233,-22.0,44.30000000000001,-29.0,7.954418182373047,-34.0,-8.066177368164062,-21.5,42.5,-26.4,8.280069351196289
-0.0005931706400588155,-43.0,-1.2314895391464233,-21.0,44.30000000000001,-29.0,7.954418182373047,-34.0,-8.066177368164062,-21.5,42.5,-26.4,8.280069351196289
-0.0005931706400588155,-43.0,-1.287489041686058,-21.0,44.30000000000001,-29.0,8.593855857849121,-34.0,-8.765093803405762,-22.5,43.5,-27.4,8.957469940185547
-0.002372682560235262,-43.0,-1.287489041686058,-21.0,44.30000000000001,-29.0,8.593855857849121,-34.0,-8.765093803405762,-23.5,44.5,-28.4,8.957469940185547
-0.002372682560235262,-43.0,-1.3438475281000137,-21.0,44.30000000000001,-29.0,8.955097198486328,-34.0,-8.765093803405762,-23.5,45.5,-29.4,9.787908554077148
-0.002372682560235262,-43.0,-1.3438475281000137,-21.0,44.30000000000001,-29.0,8.955097198486328,-34.0,-9.567394256591797,-25.5,46.5,-29.4,9.787908554077148
-0.002372682560235262,-43.0,-1.3438475281000137,-21.0,44.30000000000001,-29.0,9.307440757751465,-34.0,-9.567394256591797,-26.5,47.5,-30.4,9.787908554077148
-0.002372682560235262,-43.0,-1.3625140190124512,-21.0,44.30000000000001,-30.0,9.307440757751465,-34.0,-10.057390213012695,-27.5,48.5,-31.4,10.178215026855469
-0.002372682560235262,-43.0,-1.3625140190124512,-21.0,44.30000000000001,-30.0,9.307440757751465,-34.0,-10.057390213012695,-28.5,50.5,-31.4,10.178215026855469
0.008897559717297554,-43.0,-1.4224622175097466,-21.0,44.30000000000001,-30.0,9.620635032653809,-34.0,-10.440771102905273,-29.5,51.5,-32.4,10.506237983703613
0.008897559717297554,-43.0,-1.4224622175097466,-21.0,44.30000000000001,-30.0,9.620635032653809,-34.0,-10.440771102905273,-30.5,52.5,-32.4,10.506237983703613
0.007118047680705786,-43.0,-1.4565644823014736,-21.0,44.30000000000001,-30.0,9.790281295776367,-34.0,-10.54918098449707,-31.5,53.5,-32.4,10.55843734741211
0.007118047680705786,-43.0,-1.4565644823014736,-21.0,43.30000000000001,-30.0,9.790281295776367,-34.0,-10.54918098449707,-31.5,54.5,-32.4,10.55843734741211
-0.001186341280117631,-43.0,-1.4788206983357668,-21.0,43.30000000000001,-30.0,9.873918533325195,-34.0,-10.577898979187012,-32.5,55.5,-32.4,10.550132751464844
-0.001186341280117631,-43.0,-1.4788206983357668,-20.0,43.30000000000001,-31.0,9.873918533325195,-34.0,-10.577898979187012,-32.5,55.5,-32.4,10.550132751464844
-0.001186341280117631,-43.0,-1.487794978544116,-19.0,42.30000000000001,-31.0,9.873918533325195,-34.0,-10.52800178527832,-32.5,56.5,-31.4,10.481918334960938
-0.001186341280117631,-43.0,-1.487794978544116,-19.0,42.30000000000001,-31.0,9.873918533325195,-34.0,-10.52800178527832,-33.5,56.5,-31.4,10.481918334960938
-0.001186341280117631,-43.0,-1.4881539503112435,-18.0,42.30000000000001,-31.0,9.87332534790039,-34.0,-10.335593223571777,-33.5,56.5,-31.4,10.287358283996582
-0.001186341280117631,-43.0,-1.4881539503112435,-17.0,42.30000000000001,-31.0,9.87332534790039,-34.0,-10.335593223571777,-33.5,55.5,-30.4,10.287358283996582
-0.001186341280117631,-43.0,-1.4849232090637088,-17.0,42.30000000000001,-31.0,9.84959888458252,-34.0,-10.335593223571777,-33.5,55.5,-29.4,10.046530723571777
-0.0029658530838787556,-43.0,-1.4849232090637088,-16.0,42.30000000000001,-32.0,9.84959888458252,-34.0,-10.022211074829102,-33.5,54.5,-29.4,10.046530723571777
-0.0029658530838787556,-43.0,-1.4849232090637088,-15.0,42.30000000000001,-32.0,9.74816608428955,-34.0,-10.022211074829102,-33.5,54.5,-28.4,10.046530723571777
-0.007118047680705786,-43.0,-1.4691284764558077,-14.0,42.30000000000001,-32.0,9.74816608428955,-34.0,-9.689804077148438,-33.5,53.5,-27.4,9.585043907165527
-0.007118047680705786,-43.0,-1.4691284764558077,-14.0,42.30000000000001,-32.0,9.74816608428955,-34.0,-9.689804077148438,-32.5,52.5,-26.4,9.585043907165527
-0.007118047680705786,-43.0,-1.4465132877230644,-13.0,42.30000000000001,-32.0,9.312186241149902,-34.0,-9.326166152954102,-32.5,52.5,-25.4,9.267105102539062
-0.007118047680705786,-43.0,-1.4465132877230644,-13.0,42.30000000000001,-33.0,9.312186241149902,-34.0,-9.326166152954102,-32.5,51.5,-23.4,9.267105102539062
-0.007118047680705786,-43.0,-1.4102571979165077,-12.0,42.30000000000001,-33.0,8.966367721557617,-34.0,-8.969348907470703,-32.5,50.5,-22.4,8.958063125610352
-0.007118047680705786,-43.0,-1.4102571979165077,-12.0,42.30000000000001,-33.0,8.966367721557617,-34.0,-8.969348907470703,-32.5,49.5,-20.4,8.958063125610352
-0.005931706167757511,-43.0,-1.3671806454658508,-12.0,42.30000000000001,-33.0,8.653766632080078,-34.0,-8.515968322753906,-32.5,47.5,-19.4,8.489458084106445
-0.005931706167757511,-43.0,-1.3671806454658508,-12.0,43.30000000000001,-34.0,8.653766632080078,-34.0,-8.515968322753906,-32.5,46.5,-17.4,8.489458084106445
-0.003559023840352893,-43.0,-1.2620020806789398,-12.0,43.30000000000001,-34.0,8.218379020690918,-34.0,-7.936947822570801,-32.5,45.5,-15.399999999999999,7.822141170501709
-0.003559023840352893,-43.0,-1.2620020806789398,-12.0,43.30000000000001,-34.0,8.218379020690918,-34.0,-7.936947822570801,-32.5,43.5,-13.399999999999999,7.822141170501709
-0.003559023840352893,-43.0,-1.1363621652126312,-12.0,43.30000000000001,-35.0,7.666137218475342,-34.0,-7.936947822570801,-32.5,42.5,-11.399999999999999,7.223631858825684
0.0,-43.0,-1.1363621652126312,-12.0,43.30000000000001,-35.0,7.666137218475342,-34.0,-7.373721122741699,-32.5,40.5,-9.399999999999999,7.223631858825684
0.0,-43.0,-1.0222093164920807,-13.0,43.30000000000001,-35.0,7.030851364135742,-34.0,-7.373721122741699,-31.5,39.5,-8.399999999999999,7.223631858825684
0.0,-43.0,-1.0222093164920807,-13.0,43.30000000000001,-35.0,7.030851364135742,-34.0,-6.627779483795166,-31.5,37.5,-6.399999999999999,6.419885635375977
0.0,-43.0,-1.0222093164920807,-13.0,43.30000000000001,-36.0,7.030851364135742,-34.0,-6.627779483795166,-30.5,35.5,-4.399999999999999,6.419885635375977
0.0,-43.0,-0.9389280080795288,-14.0,43.30000000000001,-36.0,6.141688823699951,-34.0,-5.949323654174805,-30.5,33.5,-3.3999999999999986,5.85518741607666
0.0,-43.0,-0.9389280080795288,-14.0,44.30000000000001,-37.0,6.141688823699951,-34.0,-5.949323654174805,-29.5,30.5,-2.3999999999999986,5.85518741607666
0.0053385356441140175,-43.0,-0.7673397660255432,-15.0,44.30000000000001,-37.0,5.502843856811523,-34.0,-5.199432849884033,-29.5,28.5,-0.3999999999999986,4.79459810256958
0.0053385356441140175,-43.0,-0.7673397660255432,-15.0,44.30000000000001,-37.0,5.502843856811523,-34.0,-5.199432849884033,-28.5,26.5,0.6000000000000014,4.79459810256958
0.032031215727329254,-43.0,-0.6237512826919556,-15.0,44.30000000000001,-37.0,4.60834264755249,-34.0,-4.413285732269287,-28.5,24.5,1.6000000000000014,4.358024597167969
0.032031215727329254,-43.0,-0.6237512826919556,-15.0,44.30000000000001,-38.0,4.60834264755249,-34.0,-4.413285732269287,-27.5,23.5,1.6000000000000014,4.358024597167969
0.006524877157062292,-43.0,-0.43995797634124756,-15.0,43.30000000000001,-38.0,3.9214510917663574,-34.0,-3.3090906143188477,-27.5,21.5,1.6000000000000014,3.3294668197631836
0.006524877157062292,-43.0,-0.43995797634124756,-15.0,43.30000000000001,-38.0,3.9214510917663574,-34.0,-3.3090906143188477,-26.5,20.5,2.6000000000000014,3.3294668197631836
0.0029658530838787556,-43.0,-0.2866772413253784,-14.0,43.30000000000001,-39.0,2.6342709064483643,-34.0,-2.3219196796417236,-25.5,20.5,2.6000000000000014,2.033982038497925
0.0029658530838787556,-43.0,-0.2866772413253784,-14.0,42.30000000000001,-39.0,2.6342709064483643,-34.0,-2.3219196796417236,-25.5,19.5,1.6000000000000014,2.033982038497925
0.0029658530838787556,-43.0,-0.15421688556671143,-13.0,41.30000000000001,-40.0,1.2213383913040161,-34.0,-2.3219196796417236,-24.5,19.5,1.6000000000000014,1.1234651803970337
0.0029658530838787556,-43.0,-0.15421688556671143,-13.0,41.30000000000001,-40.0,1.2213383913040161,-34.0,-1.0734176635742188,-23.5,19.5,1.6000000000000014,1.1234651803970337
0.0,-43.0,0.1713700294494629,-11.0,43.30000000000001,-41.0,-1.1976115703582764,-34.0,1.202459767460823,-20.5,19.5,-6.399999999999999,-1.2017637491226196
0.0,-43.0,0.1713700294494629,-11.0,43.30000000000001,-41.0,-1.1976115703582764,-34.0,1.202459767460823,-20.5,19.5,-6.399999999999999,-1.2017637491226196
0.0,-43.0,0.1717289686203003,-11.0,43.30000000000001,-41.0,-1.2213383913040161,-34.0,1.2128699272871017,-20.5,19.5,-7.399999999999999,-1.2106612920761108
0.0,-43.0,0.1717289686203003,-11.0,42.30000000000001,-41.0,-1.2213383913040161,-34.0,1.2128699272871017,-20.5,19.5,-7.399999999999999,-1.2106612920761108
0.0,-43.0,0.1713700294494629,-10.0,42.30000000000001,-41.0,-1.8352699279785156,-34.0,1.2128699272871017,-19.5,19.5,-7.399999999999999,-1.2106612920761108
0.0,-43.0,0.1713700294494629,-10.0,42.30000000000001,-41.0,-1.8352699279785156,-34.0,1.3101511299610138,-19.5,20.5,-7.399999999999999,-1.8447606563568115
0.0,-43.0,0.1713700294494629,-9.0,42.30000000000001,-42.0,-1.8257791996002197,-34.0,1.3101511299610138,-19.5,20.5,-8.399999999999999,-1.8447606563568115
0.0,-43.0,0.1713700294494629,-9.0,42.30000000000001,-42.0,-1.8257791996002197,-34.0,1.3148177564144135,-18.5,20.5,-8.399999999999999,-1.8174748420715332
0.0,-43.0,0.1713700294494629,-8.0,42.30000000000001,-42.0,-1.8257791996002197,-34.0,1.3148177564144135,-18.5,20.5,-8.399999999999999,-1.8174748420715332
0.0005931706400588155,-43.0,0.1717289686203003,-7.0,42.30000000000001,-43.0,-1.8631489276885986,-34.0,1.3205612897872925,-17.5,20.5,-9.399999999999999,-1.8500992059707642
0.0005931706400588155,-43.0,0.1717289686203003,-7.0,42.30000000000001,-43.0,-1.8631489276885986,-34.0,1.3205612897872925,-17.5,20.5,-10.399999999999999,-1.8500992059707642
0.0005931706400588155,-43.0,0.1921902894973755,-6.0,42.30000000000001,-43.0,-1.873826026916504,-34.0,1.3309714496135712,-16.5,20.5,-10.399999999999999,-1.864335298538208
0.0005931706400588155,-43.0,0.1921902894973755,-6.0,42.30000000000001,-43.0,-1.873826026916504,-34.0,1.3309714496135712,-16.5,20.5,-11.399999999999999,-1.864335298538208
0.0005931706400588155,-43.0,1.3907952308654785,-5.0,42.30000000000001,-43.0,-1.8530651330947876,-34.0,1.3413816392421722,-16.5,20.5,-12.399999999999999,-1.8750123977661133
0.0005931706400588155,-43.0,1.3907952308654785,-5.0,42.30000000000001,-43.0,-1.8530651330947876,-34.0,1.3413816392421722,-15.5,20.5,-12.399999999999999,-1.8750123977661133
0.0005931706400588155,-43.0,3.9983620643615723,-4.0,42.30000000000001,-42.0,-2.9255175590515137,-34.0,1.6206612586975098,-15.5,20.5,-13.399999999999999,-2.9664463996887207
0.0005931706400588155,-43.0,3.9983620643615723,-4.0,42.30000000000001,-42.0,-2.9255175590515137,-34.0,1.6206612586975098,-14.5,20.5,-14.399999999999999,-2.9664463996887207
0.0005931706400588155,-43.0,5.695578098297119,-3.0,42.30000000000001,-42.0,-4.2637104988098145,-34.0,1.6206612586975098,-14.5,20.5,-14.399999999999999,-4.114231586456299
-0.001186341280117631,-43.0,5.695578098297119,-3.0,42.30000000000001,-42.0,-4.2637104988098145,-34.0,1.9685043096542358,-14.5,20.5,-14.399999999999999,-4.114231586456299
-0.001186341280117631,-43.0,5.695578098297119,-3.0,42.30000000000001,-42.0,-5.418020725250244,-34.0,1.9685043096542358,-13.5,20.5,-15.399999999999999,-4.114231586456299
-0.0017795119201764464,-43.0,6.830644607543945,-3.0,42.30000000000001,-42.0,-5.418020725250244,-34.0,2.1950151920318604,-13.5,19.5,-15.399999999999999,-5.343281269073486
-0.0017795119201764464,-43.0,6.830644607543945,-3.0,42.30000000000001,-43.0,-5.418020725250244,-34.0,2.1950151920318604,-13.5,19.5,-15.399999999999999,-5.343281269073486
-0.0017795119201764464,-43.0,7.585920333862305,-3.0,42.30000000000001,-43.0,-6.740198135375977,-34.0,2.4297823905944824,-12.5,19.5,-15.399999999999999,-6.365907192230225
-0.0017795119201764464,-43.0,7.585920333862305,-3.0,42.30000000000001,-43.0,-6.740198135375977,-34.0,2.4297823905944824,-12.5,19.5,-15.399999999999999,-6.365907192230225
-0.0017795119201764464,-43.0,8.384272575378418,-3.0,43.30000000000001,-43.0,-7.677407741546631,-34.0,2.616088390350342,-12.5,19.5,-15.399999999999999,-7.122793197631836
-0.0017795119201764464,-43.0,8.384272575378418,-3.0,43.30000000000001,-44.0,-7.677407741546631,-34.0,2.616088390350342,-12.5,19.5,-15.399999999999999,-7.122793197631836
0.0029658530838787556,-43.0,9.070625305175781,-4.0,44.30000000000001,-44.0,-8.418277740478516,-34.0,2.8199840784072876,-12.5,19.5,-15.399999999999999,-7.880271911621094
0.0029658530838787556,-43.0,9.070625305175781,-4.0,45.30000000000001,-44.0,-8.418277740478516,-34.0,2.8199840784072876,-11.5,19.5,-15.399999999999999,-7.880271911621094
0.0029658530838787556,-43.0,9.8790283203125,-4.0,46.30000000000001,-45.0,-9.146098136901855,-34.0,3.0016233921051025,-11.5,19.5,-15.399999999999999,-8.573688507080078
0.0029658530838787556,-43.0,9.8790283203125,-5.0,47.30000000000001,-45.0,-9.146098136901855,-34.0,3.0016233921051025,-11.5,19.5,-15.399999999999999,-8.573688507080078
0.0029658530838787556,-43.0,12.056548118591309,-6.0,49.30000000000001,-45.0,-10.012126922607422,-34.0,3.111109733581543,-11.5,19.5,-15.399999999999999,-9.278375625610352
0.002372682560235262,-43.0,12.056548118591309,-6.0,50.30000000000001,-46.0,-10.012126922607422,-34.0,3.111109733581543,-11.5,19.5,-16.4,-9.278375625610352
0.002372682560235262,-43.0,14.89134407043457,-7.0,52.30000000000001,-46.0,-10.889426231384277,-34.0,3.111109733581543,-10.5,19.5,-16.4,-10.017465591430664
0.0017795119201764464,-43.0,14.89134407043457,-8.0,53.30000000000001,-47.0,-10.889426231384277,-34.0,3.261159658432007,-10.5,18.5,-16.4,-10.017465591430664
0.0017795119201764464,-43.0,14.89134407043457,-9.0,55.30000000000001,-47.0,-12.383623123168945,-34.0,3.261159658432007,-10.5,18.5,-16.4,-10.017465591430664
0.0017795119201764464,-43.0,16.18794822692871,-11.0,56.30000000000001,-47.0,-12.383623123168945,-34.0,3.3824920654296875,-10.5,18.5,-16.4,-10.349048614501953
0.0017795119201764464,-43.0,16.18794822692871,-12.0,57.30000000000001,-48.0,-12.383623123168945,-34.0,3.3824920654296875,-10.5,18.5,-16.4,-10.349048614501953
-0.001186341280117631,-43.0,16.417688369750977,-14.0,58.30000000000001,-48.0,-15.581999778747559,-34.0,3.427722215652466,-10.5,17.5,-16.4,-10.683003425598145
-0.001186341280117631,-43.0,16.417688369750977,-15.0,58.30000000000001,-47.0,-15.581999778747559,-34.0,3.427722215652466,-10.5,17.5,-16.4,-10.683003425598145
-0.001186341280117631,-43.0,16.418048858642578,-16.0,59.30000000000001,-47.0,-17.159833908081055,-34.0,3.495926856994629,-10.5,17.5,-16.4,-10.94755744934082
-0.001186341280117631,-43.0,16.418048858642578,-18.0,60.30000000000001,-47.0,-17.159833908081055,-34.0,3.495926856994629,-10.5,16.5,-16.4,-10.94755744934082
0.002372682560235262,-43.0,16.298511505126953,-19.0,60.30000000000001,-46.0,-17.357952117919922,-34.0,3.5407981872558594,-10.5,16.5,-16.4,-11.079833984375
0.002372682560235262,-43.0,16.298511505126953,-20.0,60.30000000000001,-46.0,-17.357952117919922,-34.0,3.5407981872558594,-9.5,16.5,-16.4,-11.079833984375
0.002372682560235262,-43.0,16.038616180419922,-20.0,60.30000000000001,-45.0,-17.415489196777344,-34.0,3.555516004562378,-9.5,16.5,-16.4,-11.280919075012207
0.002372682560235262,-43.0,16.038616180419922,-21.0,60.30000000000001,-44.0,-17.415489196777344,-34.0,3.555516004562378,-9.5,16.5,-16.4,-11.280919075012207
0.002372682560235262,-43.0,15.649848937988281,-22.0,60.30000000000001,-43.0,-17.35261344909668,-34.0,3.6093616485595703,-9.5,16.5,-16.4,-11.351506233215332
-0.0017795119201764464,-43.0,15.649848937988281,-22.0,60.30000000000001,-42.0,-17.35261344909668,-34.0,3.6093616485595703,-9.5,16.5,-16.4,-11.351506233215332
-0.0017795119201764464,-43.0,15.25318717956543,-22.0,60.30000000000001,-41.0,-17.078569412231445,-34.0,3.6093616485595703,-9.5,17.5,-16.4,-11.351506233215332
-0.00415219459682703,-43.0,15.25318717956543,-22.0,60.30000000000001,-40.0,-17.078569412231445,-34.0,3.6140284538269043,-9.5,17.5,-15.399999999999999,-11.352099418640137
-0.00415219459682703,-43.0,15.25318717956543,-22.0,59.30000000000001,-39.0,-16.651485443115234,-34.0,3.6140284538269043,-9.5,17.5,-15.399999999999999,-11.352099418640137
-0.00415219459682703,-43.0,14.627140045166016,-22.0,59.30000000000001,-37.0,-16.651485443115234,-34.0,3.602541208267212,-9.5,17.5,-15.399999999999999,-11.341423034667969
-0.00415219459682703,-43.0,14.627140045166016,-22.0,58.30000000000001,-36.0,-16.651485443115234,-34.0,3.602541208267212,-9.5,17.5,-15.399999999999999,-11.341423034667969
-0.00415219459682703,-43.0,14.125299453735352,-22.0,57.30000000000001,-34.0,-16.220844268798828,-34.0,3.5921311378479004,-9.5,18.5,-16.4,-11.277953147888184
-0.00415219459682703,-43.0,14.125299453735352,-22.0,56.30000000000001,-32.0,-16.220844268798828,-34.0,3.5921311378479004,-9.5,18.5,-16.4,-11.277953147888184
-0.00415219459682703,-43.0,13.545201301574707,-22.0,55.30000000000001,-31.0,-15.758171081542969,-34.0,3.5630545616149902,-9.5,18.5,-16.4,-11.16109848022461
-0.00415219459682703,-43.0,13.545201301574707,-22.0,54.30000000000001,-29.0,-15.758171081542969,-34.0,3.5630545616149902,-9.5,19.5,-16.4,-11.16109848022461
-0.00415219459682703,-43.0,12.901206970214844,-22.0,52.30000000000001,-28.0,-15.322784423828125,-34.0,3.533618927001953,-9.5,19.5,-16.4,-11.139151573181152
-0.00415219459682703,-43.0,12.901206970214844,-22.0,51.30000000000001,-26.0,-15.322784423828125,-34.0,3.533618927001953,-10.5,20.5,-16.4,-11.139151573181152
-0.00415219459682703,-43.0,11.480757713317871,-22.0,50.30000000000001,-25.0,-14.772321701049805,-34.0,3.4370555877685547,-10.5,20.5,-17.4,-10.58335018157959
-0.00415219459682703,-43.0,11.480757713317871,-22.0,48.30000000000001,-23.0,-14.772321701049805,-34.0,3.4370555877685547,-10.5,21.5,-17.4,-10.58335018157959
-0.00415219459682703,-43.0,8.821858406066895,-22.0,47.30000000000001,-22.0,-13.900954246520996,-34.0,3.4370555877685547,-11.5,21.5,-17.4,-10.029329299926758
-0.003559023840352893,-43.0,8.821858406066895,-21.0,45.30000000000001,-21.0,-13.900954246520996,-34.0,3.205160140991211,-11.5,21.5,-17.4,-10.029329299926758
-0.003559023840352893,-43.0,8.821858406066895,-21.0,44.30000000000001,-20.0,-13.374217987060547,-34.0,3.205160140991211,-11.5,22.5,-17.4,-10.029329299926758
-0.001186341280117631,-43.0,7.158385276794434,-20.0,42.30000000000001,-19.0,-13.374217987060547,-34.0,3.04685378074646,-12.5,22.5,-18.4,-9.270071029663086
-0.001186341280117631,-43.0,7.158385276794434,-20.0,40.30000000000001,-18.0,-13.374217987060547,-34.0,3.04685378074646,-12.5,22.5,-18.4,-9.270071029663086
0.0029658530838787556,-43.0,6.320905685424805,-19.0,38.30000000000001,-17.0,-11.956541061401367,-34.0,2.9230087995529175,-12.5,22.5,-18.4,-8.668002128601074
0.0029658530838787556,-43.0,6.320905685424805,-18.0,37.30000000000001,-17.0,-11.956541061401367,-34.0,2.9230087995529175,-12.5,23.5,-18.4,-8.668002128601074
0.003559023840352893,-43.0,5.534759044647217,-17.0,35.30000000000001,-16.0,-8.860782623291016,-34.0,2.7952150106430054,-12.5,23.5,-18.4,-8.209481239318848
0.003559023840352893,-43.0,5.534759044647217,-17.0,34.30000000000001,-16.0,-8.860782623291016,-34.0,2.7952150106430054,-12.5,23.5,-18.4,-8.209481239318848
0.003559023840352893,-43.0,4.517434597015381,-16.0,33.30000000000001,-16.0,-7.485220432281494,-34.0,2.6476778984069824,-12.5,23.5,-19.4,-7.506574630737305
0.003559023840352893,-43.0,4.517434597015381,-15.0,32.30000000000001,-16.0,-7.485220432281494,-34.0,2.6476778984069824,-12.5,23.5,-19.4,-7.506574630737305
0.003559023840352893,-43.0,3.5094432830810547,-15.0,31.30000000000001,-16.0,-6.800108432769775,-34.0,2.420090079307556,-12.5,23.5,-19.4,-6.521317958831787
0.003559023840352893,-43.0,3.5094432830810547,-15.0,30.30000000000001,-16.0,-6.800108432769775,-34.0,2.420090079307556,-12.5,23.5,-19.4,-6.521317958831787
0.003559023840352893,-43.0,2.2146341800689697,-15.0,29.30000000000001,-16.0,-5.634527683258057,-34.0,2.1763486862182617,-12.5,23.5,-19.4,-5.587667465209961
-0.0005931706400588155,-43.0,2.2146341800689697,-15.0,29.30000000000001,-17.0,-5.634527683258057,-34.0,2.1763486862182617,-12.5,23.5,-19.4,-5.587667465209961
-0.0005931706400588155,-43.0,1.0307471752166748,-15.0,29.30000000000001,-17.0,-4.611308574676514,-34.0,2.1763486862182617,-12.5,23.5,-19.4,-5.587667465209961
-0.0005931706400588155,-43.0,1.0307471752166748,-15.0,28.30000000000001,-18.0,-4.611308574676514,-34.0,1.9056843519210815,-12.5,23.5,-19.4,-4.382344722747803
-0.0005931706400588155,-43.0,1.0307471752166748,-15.0,28.30000000000001,-19.0,-4.611308574676514,-34.0,1.9056843519210815,-12.5,23.5,-19.4,-4.382344722747803
-0.0005931706400588155,-43.0,0.11501145362854004,-15.0,28.30000000000001,-20.0,-3.311671733856201,-34.0,1.6285585761070251,-12.5,23.5,-19.4,-3.3763272762298584
-0.0005931706400588155,-43.0,0.11501145362854004,-15.0,28.30000000000001,-21.0,-3.311671733856201,-34.0,1.6285585761070251,-12.5,23.5,-19.4,-3.3763272762298584
-0.0005931706400588155,-43.0,0.01808929443359375,-15.0,28.30000000000001,-21.0,-2.2036290168762207,-34.0,1.371535211801529,-12.5,23.5,-19.4,-2.1650729179382324
-0.0005931706400588155,-43.0,0.01808929443359375,-15.0,28.30000000000001,-22.0,-2.2036290168762207,-34.0,1.371535211801529,-12.5,23.5,-19.4,-2.1650729179382324
-0.0005931706400588155,-43.0,-0.0038080215454101562,-15.0,28.30000000000001,-22.0,-0.9840700626373291,-34.0,1.045589342713356,-12.5,23.5,-19.4,-0.8179823160171509
-0.0005931706400588155,-43.0,-0.0038080215454101562,-15.0,28.30000000000001,-22.0,-0.9840700626373291,-34.0,1.045589342713356,-12.5,23.5,-19.4,-0.8179823160171509
-0.0005931706400588155,-43.0,-0.026064157485961914,-15.0,28.30000000000001,-23.0,-0.5961365103721619,-34.0,0.0867772102355957,-12.5,23.5,-19.4,-0.5036018490791321
-0.0005931706400588155,-43.0,-0.026064157485961914,-15.0,28.30000000000001,-23.0,-0.5961365103721619,-34.0,0.0867772102355957,-12.5,23.5,-19.4,-0.5036018490791321
-0.0005931706400588155,-43.0,-0.023551344871520996,-15.0,28.30000000000001,-23.0,-0.5380057692527771,-34.0,0.014982998371124268,-12.5,23.5,-19.4,-0.456148236989975
0.0029658530838787556,-43.0,-0.023551344871520996,-15.0,28.30000000000001,-23.0,-0.5380057692527771,-34.0,0.014982998371124268,-12.5,23.5,-19.4,-0.456148236989975
0.0029658530838787556,-43.0,-0.016013026237487793,-15.0,28.30000000000001,-23.0,-0.5385989546775818,-34.0,0.014982998371124268,-12.5,23.5,-19.4,-0.456148236989975
0.0017795119201764464,-43.0,-0.016013026237487793,-15.0,28.30000000000001,-23.0,-0.5385989546775818,-34.0,0.001701056957244873,-12.5,23.5,-19.4,-0.415812611579895
0.0017795119201764464,-43.0,-0.016013026237487793,-15.0,28.30000000000001,-23.0,-0.5385989546775818,-34.0,0.001701056957244873,-12.5,23.5,-19.4,-0.415812611579895
0.0005931706400588155,-43.0,-0.0016541481018066406,-15.0,28.30000000000001,-23.0,-0.5403784513473511,-34.0,0.000983119010925293,-12.5,23.5,-19.4,-0.5421579480171204
0.0005931706400588155,-43.0,-0.0016541481018066406,-15.0,28.30000000000001,-23.0,-0.5403784513473511,-34.0,0.000983119010925293,-12.5,23.5,-19.4,-0.5421579480171204
0.0005931706400588155,-43.0,-0.002013087272644043,-15.0,28.30000000000001,-23.0,-0.5534282326698303,-34.0,-0.004401445388793945,-12.5,23.5,-19.4,-0.5890184640884399
0.0005931706400588155,-43.0,-0.002013087272644043,-15.0,28.30000000000001,-23.0,-0.5534282326698303,-34.0,-0.004401445388793945,-12.5,23.5,-19.4,-0.5890184640884399
0.0005931706400588155,-43.0,-0.004166960716247559,-15.0,28.30000000000001,-23.0,-0.5682574510574341,-34.0,-0.002965569496154785,-12.5,23.5,-19.4,-0.6062203645706177
0.0005931706400588155,-43.0,-0.004166960716247559,-15.0,28.30000000000001,-23.0,-0.5682574510574341,-34.0,-0.002965569496154785,-12.5,23.5,-19.4,-0.6062203645706177
0.0,-43.0,-0.0038080215454101562,-15.0,28.30000000000001,-23.0,-0.579527735710144,-34.0,-0.001529693603515625,-12.5,23.5,-19.4,-0.6133384704589844
0.0,-43.0,-0.0038080215454101562,-15.0,28.30000000000001,-23.0,-0.579527735710144,-34.0,-0.001529693603515625,-12.5,23.5,-19.4,-0.6133384704589844
0.0,-43.0,-0.0027310848236083984,-15.0,28.30000000000001,-23.0,-0.5943569540977478,-34.0,-0.0008116960525512695,-12.5,23.5,-19.4,-0.6257950067520142
0.0,-43.0,-0.0027310848236083984,-15.0,28.30000000000001,-23.0,-0.5943569540977478,-34.0,-0.0008116960525512695,-12.5,23.5,-19.4,-0.6257950067520142
0.0,-43.0,-0.0009361505508422852,-15.0,28.30000000000001,-23.0,-0.6263881921768188,-34.0,-0.0008116960525512695,-12.5,23.5,-19.4,-0.6667237877845764
0.0,-43.0,-0.0009361505508422852,-15.0,28.30000000000001,-23.0,-0.6263881921768188,-34.0,-9.381771087646484e-05,-12.5,23.5,-19.4,-0.6667237877845764
0.0,-43.0,-0.0009361505508422852,-15.0,28.30000000000001,-23.0,-0.6560467481613159,-34.0,-9.381771087646484e-05,-12.5,23.5,-19.4,-0.6667237877845764
0.0,-43.0,0.0012176036834716797,-15.0,28.30000000000001,-23.0,-0.6560467481613159,-34.0,0.0013420581817626953,-12.5,23.5,-19.4,-0.6726555228233337
0.0,-43.0,0.0012176036834716797,-15.0,28.30000000000001,-23.0,-0.6560467481613159,-34.0,0.0013420581817626953,-12.5,23.5,-19.4,-0.6726555228233337
0.0,-43.0,0.009473919868469238,-15.0,28.30000000000001,-23.0,-0.7082457542419434,-34.0,0.004572808742523193,-12.5,23.5,-19.4,-0.6839257478713989
0.0,-43.0,0.009473919868469238,-15.0,28.30000000000001,-23.0,-0.7082457542419434,-34.0,0.004572808742523193,-12.5,23.5,-19.4,-0.6839257478713989
0.0,-43.0,0.00839698314666748,-15.0,28.30000000000001,-23.0,-0.766969621181488,-34.0,0.004572808742523193,-12.5,23.5,-19.4,-0.7082457542419434
0.0,-43.0,0.00839698314666748,-15.0,28.30000000000001,-23.0,-0.766969621181488,-34.0,0.004572808742523193,-12.5,23.5,-19.4,-0.7082457542419434
-0.0017795119201764464,-43.0,0.00552523136138916,-15.0,28.30000000000001,-23.0,-0.7657833099365234,-34.0,0.003136932849884033,-12.5,23.5,-19.4,-0.707059383392334
-0.0017795119201764464,-43.0,0.00552523136138916,-15.0,28.30000000000001,-23.0,-0.7657833099365234,-34.0,0.003136932849884033,-12.5,23.5,-19.4,-0.707059383392334
-0.006524877157062292,-43.0,0.013063669204711914,-15.0,28.30000000000001,-23.0,-0.7331588864326477,-34.0,0.007803559303283691,-12.5,23.5,-19.4,-0.7058730721473694
-0.006524877157062292,-43.0,0.013063669204711914,-15.0,28.30000000000001,-23.0,-0.7331588864326477,-34.0,0.007803559303283691,-12.5,23.5,-19.4,-0.7058730721473694
-0.006524877157062292,-43.0,0.013063669204711914,-15.0,28.30000000000001,-23.0,-0.6560467481613159,-34.0,0.007085621356964111,-12.5,23.5,-19.4,-0.6963823437690735
-0.006524877157062292,-43.0,0.013063669204711914,-15.0,28.30000000000001,-23.0,-0.6560467481613159,-34.0,0.007085621356964111,-12.5,23.5,-19.4,-0.6963823437690735
-0.006524877157062292,-43.0,0.006243228912353516,-15.0,28.30000000000001,-23.0,-0.6495218276977539,-34.0,0.007085621356964111,-12.5,23.5,-19.4,-0.6862984299659729
-0.006524877157062292,-43.0,0.006243228912353516,-15.0,28.30000000000001,-23.0,-0.6495218276977539,-34.0,0.004213869571685791,-12.5,23.5,-19.4,-0.6862984299659729
-0.006524877157062292,-43.0,0.006243228912353516,-15.0,28.30000000000001,-23.0,-0.6495218276977539,-34.0,0.004213869571685791,-12.5,23.5,-19.4,-0.6862984299659729
0.0,-43.0,0.00014066696166992188,-15.0,28.30000000000001,-23.0,-0.6305403709411621,-34.0,-9.381771087646484e-05,-12.5,23.5,-19.4,-0.6311335563659668
0.0,-43.0,0.00014066696166992188,-15.0,28.30000000000001,-23.0,-0.6305403709411621,-34.0,-9.381771087646484e-05,-12.5,23.5,-19.4,-0.6311335563659668
0.0,-43.0,0.00014066696166992188,-15.0,28.30000000000001,-23.0,-0.6305403709411621,-34.0,-9.381771087646484e-05,-12.5,23.5,-19.4,-0.6311335563659668
0.0,-43.0,0.00014066696166992188,-15.0,28.30000000000001,-23.0,-0.6305403709411621,-34.0,-9.381771087646484e-05,-12.5,23.5,-19.4,-0.6311335563659668
0.0,-43.0,0.00014066696166992188,-15.0,28.30000000000001,-23.0,-0.6305403709411621,-34.0,-9.381771087646484e-05,-12.5,23.5,-19.4,-0.6311335563659668
0.0,-43.0,0.00014066696166992188,-15.0,29.30000000000001,-23.0,-0.6305403709411621,-34.0,-9.381771087646484e-05,-12.5,23.5,-19.4,-0.6311335563659668
0.0,-43.0,0.00014066696166992188,-15.0,29.30000000000001,-23.0,-0.6305403709411621,-34.0,0.0002651810646057129,-12.5,24.5,-20.4,-0.6305403709411621
0.0,-43.0,0.00014066696166992188,-15.0,29.30000000000001,-24.0,-0.6305403709411621,-34.0,0.0002651810646057129,-12.5,24.5,-20.4,-0.6305403709411621
-0.001186341280117631,-43.0,0.00014066696166992188,-15.0,29.30000000000001,-24.0,-0.6305403709411621,-34.0,0.0002651810646057129,-12.5,24.5,-20.4,-0.6287608742713928
-0.001186341280117631,-43.0,0.00014066696166992188,-15.0,29.30000000000001,-24.0,-0.6305403709411621,-34.0,0.0002651810646057129,-12.5,24.5,-20.4,-0.6287608742713928
-0.0017795119201764464,-43.0,0.000499725341796875,-15.0,29.30000000000001,-24.0,-0.6335062384605408,-34.0,0.0006241202354431152,-12.5,24.5,-20.4,-0.6287608742713928
-0.0017795119201764464,-43.0,0.000499725341796875,-15.0,29.30000000000001,-24.0,-0.6335062384605408,-34.0,0.0006241202354431152,-12.5,24.5,-20.4,-0.6287608742713928
-0.0017795119201764464,-43.0,0.000499725341796875,-15.0,29.30000000000001,-24.0,-0.6340994238853455,-34.0,0.0002651810646057129,-12.5,24.5,-20.4,-0.6287608742713928
-0.0017795119201764464,-43.0,0.000499725341796875,-15.0,29.30000000000001,-24.0,-0.6340994238853455,-34.0,0.0002651810646057129,-12.5,24.5,-20.4,-0.6287608742713928
-0.0017795119201764464,-43.0,0.000499725341796875,-15.0,29.30000000000001,-24.0,-0.6340994238853455,-34.0,0.0002651810646057129,-12.5,24.5,-20.4,-0.6287608742713928
-0.0017795119201764464,-43.0,0.000499725341796875,-15.0,30.30000000000001,-24.0,-0.6340994238853455,-34.0,0.0006241202354431152,-12.5,24.5,-20.4,-0.6287608742713928
-0.0017795119201764464,-43.0,0.000499725341796875,-16.0,30.30000000000001,-24.0,-0.6340994238853455,-34.0,0.0006241202354431152,-13.5,24.5,-20.4,-0.6287608742713928
-0.0017795119201764464,-43.0,0.000499725341796875,-16.0,30.30000000000001,-24.0,-0.6311335563659668,-34.0,0.0002651810646057129,-13.5,25.5,-20.4,-0.6287608742713928
-0.0017795119201764464,-43.0,0.000499725341796875,-16.0,30.30000000000001,-24.0,-0.6311335563659668,-34.0,0.0002651810646057129,-13.5,25.5,-20.4,-0.6287608742713928
-0.0017795119201764464,-43.0,0.0008586645126342773,-16.0,30.30000000000001,-24.0,-0.6192701458930969,-34.0,-9.381771087646484e-05,-13.5,25.5,-21.4,-0.6281676888465881
-0.0017795119201764464,-43.0,0.0008586645126342773,-16.0,30.30000000000001,-24.0,-0.6192701458930969,-34.0,-9.381771087646484e-05,-13.5,25.5,-21.4,-0.6281676888465881
-0.0017795119201764464,-43.0,0.000499725341796875,-16.0,30.30000000000001,-25.0,-0.609779417514801,-34.0,-0.0004527568817138672,-13.5,25.5,-21.4,-0.6240155100822449
-0.0017795119201764464,-43.0,0.000499725341796875,-16.0,30.30000000000001,-25.0,-0.609779417514801,-34.0,-0.0004527568817138672,-13.5,25.5,-21.4,-0.6240155100822449
-0.001186341280117631,-43.0,0.0008586645126342773,-16.0,30.30000000000001,-25.0,-0.5967296361923218,-34.0,-0.0008116960525512695,-13.5,25.5,-21.4,-0.6174906492233276
-0.001186341280117631,-43.0,0.0008586645126342773,-16.0,30.30000000000001,-25.0,-0.5967296361923218,-34.0,-0.0008116960525512695,-13.5,25.5,-21.4,-0.6174906492233276
-0.001186341280117631,-43.0,0.000499725341796875,-16.0,30.30000000000001,-25.0,-0.5884252786636353,-34.0,-0.001529693603515625,-13.5,25.5,-21.4,-0.6032545566558838
0.0,-43.0,0.000499725341796875,-16.0,31.30000000000001,-25.0,-0.5884252786636353,-34.0,-0.001529693603515625,-13.5,25.5,-21.4,-0.6032545566558838
0.0,-43.0,0.000499725341796875,-16.0,31.30000000000001,-25.0,-0.5836799144744873,-34.0,-0.001529693603515625,-13.5,25.5,-21.4,-0.6032545566558838
0.0,-43.0,0.000499725341796875,-16.0,31.30000000000001,-25.0,-0.5836799144744873,-34.0,-0.001529693603515625,-13.5,26.5,-21.4,-0.5872389078140259
0.0,-43.0,0.000499725341796875,-16.0,31.30000000000001,-25.0,-0.5836799144744873,-34.0,-0.001529693603515625,-13.5,26.5,-21.4,-0.5872389078140259
0.0,-43.0,0.000499725341796875,-16.0,31.30000000000001,-25.0,-0.5718165040016174,-34.0,-0.001529693603515625,-13.5,26.5,-21.4,-0.5718165040016174
0.0,-43.0,0.000499725341796875,-16.0,31.30000000000001,-25.0,-0.5718165040016174,-34.0,-0.001529693603515625,-13.5,26.5,-21.4,-0.5718165040016174
0.0,-43.0,0.00014066696166992188,-16.0,31.30000000000001,-25.0,-0.5676643252372742,-34.0,-0.001529693603515625,-13.5,26.5,-21.4,-0.5670711398124695
0.0,-43.0,0.00014066696166992188,-16.0,31.30000000000001,-25.0,-0.5676643252372742,-34.0,-0.001529693603515625,-13.5,26.5,-21.4,-0.5670711398124695
0.0,-43.0,0.00014066696166992188,-16.0,31.30000000000001,-25.0,-0.5646984577178955,-34.0,-0.0011707544326782227,-13.5,26.5,-21.4,-0.5617325901985168
0.0,-43.0,0.00014066696166992188,-16.0,31.30000000000001,-25.0,-0.5646984577178955,-34.0,-0.0011707544326782227,-13.5,26.5,-21.4,-0.5617325901985168
0.0,-43.0,0.00014066696166992188,-16.0,32.30000000000001,-25.0,-0.5581735968589783,-34.0,-0.0008116960525512695,-13.5,26.5,-21.4,-0.5593599081039429
0.0,-43.0,0.00014066696166992188,-16.0,32.30000000000001,-25.0,-0.5581735968589783,-34.0,-0.0008116960525512695,-13.5,26.5,-21.4,-0.5593599081039429
0.0,-43.0,0.00014066696166992188,-17.0,32.30000000000001,-25.0,-0.552241861820221,-34.0,-0.0004527568817138672,-14.5,27.5,-21.4,-0.5540213584899902
0.0,-43.0,0.00014066696166992188,-17.0,32.30000000000001,-25.0,-0.552241861820221,-34.0,-0.0004527568817138672,-14.5,27.5,-21.4,-0.5540213584899902
0.0,-43.0,0.00014066696166992188,-17.0,32.30000000000001,-25.0,-0.5463101863861084,-34.0,-0.0004527568817138672,-14.5,27.5,-21.4,-0.5540213584899902
0.0,-43.0,0.00014066696166992188,-17.0,32.30000000000001,-25.0,-0.5463101863861084,-34.0,-9.381771087646484e-05,-14.5,27.5,-21.4,-0.5480896830558777
0.0,-43.0,0.00014066696166992188,-17.0,32.30000000000001,-25.0,-0.5397852659225464,-34.0,-9.381771087646484e-05,-14.5,27.5,-22.4,-0.5480896830558777
0.0,-43.0,0.00014066696166992188,-17.0,32.30000000000001,-25.0,-0.5397852659225464,-34.0,0.0002651810646057129,-14.5,27.5,-22.4,-0.5439375042915344
0.0,-43.0,0.00014066696166992188,-17.0,32.30000000000001,-25.0,-0.5397852659225464,-34.0,0.0002651810646057129,-14.5,27.5,-22.4,-0.5439375042915344
0.0,-43.0,-0.00021827220916748047,-17.0,32.30000000000001,-26.0,-0.5297013521194458,-34.0,0.0002651810646057129,-14.5,27.5,-22.4,-0.5314809083938599
0.0,-43.0,-0.00021827220916748047,-17.0,32.30000000000001,-26.0,-0.5297013521194458,-34.0,0.0002651810646057129,-14.5,27.5,-22.4,-0.5314809083938599
0.0,-43.0,0.00014066696166992188,-17.0,33.30000000000001,-26.0,-0.5231764912605286,-34.0,0.0006241202354431152,-14.5,27.5,-22.4,-0.5261423587799072
0.0,-43.0,0.00014066696166992188,-17.0,33.30000000000001,-26.0,-0.5231764912605286,-34.0,0.0006241202354431152,-14.5,27.5,-22.4,-0.5261423587799072
0.0,-43.0,0.00014066696166992188,-17.0,33.30000000000001,-26.0,-0.5124994516372681,-34.0,0.000983119010925293,-14.5,28.5,-22.4,-0.517244815826416
0.0,-43.0,0.00014066696166992188,-17.0,33.30000000000001,-26.0,-0.5124994516372681,-34.0,0.000983119010925293,-14.5,28.5,-22.4,-0.517244815826416
0.0,-43.0,-0.00021827220916748047,-17.0,33.30000000000001,-26.0,-0.5030087232589722,-34.0,0.000983119010925293,-14.5,28.5,-22.4,-0.5030087232589722
0.0,-43.0,-0.00021827220916748047,-17.0,33.30000000000001,-26.0,-0.5030087232589722,-34.0,0.000983119010925293,-14.5,28.5,-22.4,-0.5030087232589722
0.0,-43.0,0.00014066696166992188,-17.0,33.30000000000001,-26.0,-0.49826332926750183,-34.0,0.000983119010925293,-14.5,28.5,-22.4,-0.49529749155044556
0.0,-43.0,0.00014066696166992188,-17.0,33.30000000000001,-26.0,-0.49826332926750183,-34.0,0.0006241202354431152,-14.5,28.5,-22.4,-0.49529749155044556
0.0,-43.0,0.00014066696166992188,-17.0,33.30000000000001,-26.0,-0.4911452829837799,-34.0,0.0006241202354431152,-14.5,28.5,-22.4,-0.49529749155044556
0.0,-43.0,-0.00021827220916748047,-17.0,33.30000000000001,-26.0,-0.4911452829837799,-34.0,0.0002651810646057129,-14.5,28.5,-22.4,-0.4893657863140106
0.0,-43.0,-0.00021827220916748047,-17.0,33.30000000000001,-26.0,-0.4911452829837799,-34.0,0.0002651810646057129,-14.5,28.5,-22.4,-0.4893657863140106
0.0,-43.0,0.00014066696166992188,-17.0,34.30000000000001,-26.0,-0.48462042212486267,-34.0,0.0006241202354431152,-14.5,28.5,-22.4,-0.47928187251091003
0.0,-43.0,0.00014066696166992188,-18.0,34.30000000000001,-26.0,-0.48462042212486267,-34.0,0.0006241202354431152,-15.5,28.5,-22.4,-0.47928187251091003
0.0,-43.0,0.00014066696166992188,-18.0,34.30000000000001,-26.0,-0.480468213558197,-34.0,0.0002651810646057129,-15.5,29.5,-22.4,-0.47809553146362305
0.0,-43.0,0.00014066696166992188,-18.0,34.30000000000001,-26.0,-0.480468213558197,-34.0,0.0002651810646057129,-15.5,29.5,-22.4,-0.47809553146362305
0.0,-43.0,-0.00021827220916748047,-18.0,34.30000000000001,-26.0,-0.4727570116519928,-34.0,-9.381771087646484e-05,-15.5,29.5,-22.4,-0.4757228493690491
0.0,-43.0,-0.00021827220916748047,-18.0,34.30000000000001,-26.0,-0.4727570116519928,-34.0,-9.381771087646484e-05,-15.5,29.5,-22.4,-0.4757228493690491
0.0,-43.0,0.00014066696166992188,-18.0,34.30000000000001,-26.0,-0.4656389653682709,-34.0,-0.0004527568817138672,-15.5,29.5,-22.4,-0.4703843295574188
0.0,-43.0,0.00014066696166992188,-18.0,34.30000000000001,-26.0,-0.4656389653682709,-34.0,-0.0004527568817138672,-15.5,29.5,-22.4,-0.4703843295574188
0.0,-43.0,0.00014066696166992188,-18.0,34.30000000000001,-26.0,-0.46030041575431824,-34.0,-0.0004527568817138672,-15.5,29.5,-22.4,-0.46860480308532715
0.0,-43.0,0.00014066696166992188,-18.0,34.30000000000001,-26.0,-0.46030041575431824,-34.0,-0.0004527568817138672,-15.5,29.5,-22.4,-0.46860480308532715
0.0,-43.0,0.00014066696166992188,-18.0,34.30000000000001,-26.0,-0.4543687105178833,-34.0,-0.0004527568817138672,-15.5,29.5,-22.4,-0.46860480308532715
0.001186341280117631,-43.0,0.00014066696166992188,-18.0,35.30000000000001,-26.0,-0.4543687105178833,-34.0,-0.0008116960525512695,-15.5,29.5,-22.4,-0.4650457799434662
0.001186341280117631,-43.0,0.00014066696166992188,-18.0,35.30000000000001,-26.0,-0.4543687105178833,-34.0,-0.0008116960525512695,-15.5,29.5,-22.4,-0.4650457799434662
0.001186341280117631,-43.0,0.00014066696166992188,-18.0,35.30000000000001,-26.0,-0.4454711377620697,-34.0,-0.0004527568817138672,-15.5,30.5,-22.4,-0.45852091908454895
0.001186341280117631,-43.0,0.00014066696166992188,-18.0,35.30000000000001,-26.0,-0.4454711377620697,-34.0,-0.0004527568817138672,-15.5,30.5,-22.4,-0.45852091908454895
0.001186341280117631,-43.0,0.00014066696166992188,-18.0,35.30000000000001,-26.0,-0.44013261795043945,-34.0,-0.0004527568817138672,-15.5,30.5,-22.4,-0.4460643231868744
0.001186341280117631,-43.0,0.00014066696166992188,-18.0,35.30000000000001,-26.0,-0.44013261795043945,-34.0,-0.0004527568817138672,-15.5,30.5,-22.4,-0.4460643231868744
0.001186341280117631,-43.0,0.00014066696166992188,-18.0,35.30000000000001,-26.0,-0.4347940683364868,-34.0,-0.0004527568817138672,-15.5,30.5,-22.4,-0.42411699891090393
0.001186341280117631,-43.0,0.00014066696166992188,-18.0,35.30000000000001,-26.0,-0.4347940683364868,-34.0,-0.0004527568817138672,-15.5,30.5,-22.4,-0.42411699891090393
0.001186341280117631,-43.0,0.00014066696166992188,-18.0,35.30000000000001,-26.0,-0.4282692074775696,-34.0,-0.0004527568817138672,-15.5,30.5,-22.4,-0.42055797576904297
0.001186341280117631,-43.0,0.00014066696166992188,-18.0,35.30000000000001,-26.0,-0.4282692074775696,-34.0,-0.0004527568817138672,-15.5,30.5,-22.4,-0.42055797576904297
0.001186341280117631,-43.0,0.00014066696166992188,-18.0,36.30000000000001,-26.0,-0.4175921380519867,-34.0,-9.381771087646484e-05,-15.5,30.5,-22.4,-0.41462627053260803
0.001186341280117631,-43.0,0.00014066696166992188,-18.0,36.30000000000001,-26.0,-0.4175921380519867,-34.0,-9.381771087646484e-05,-15.5,30.5,-22.4,-0.41462627053260803
0.001186341280117631,-43.0,0.00014066696166992188,-19.0,36.30000000000001,-26.0,-0.41343992948532104,-34.0,-9.381771087646484e-05,-16.5,31.5,-22.4,-0.41462627053260803
0.001186341280117631,-43.0,0.00014066696166992188,-19.0,36.30000000000001,-26.0,-0.41343992948532104,-34.0,0.0002651810646057129,-16.5,31.5,-22.4,-0.4069150686264038
0.001186341280117631,-43.0,0.00014066696166992188,-19.0,36.30000000000001,-26.0,-0.3974243402481079,-34.0,0.0002651810646057129,-16.5,31.5,-22.4,-0.4069150686264038
0.001186341280117631,-43.0,-0.00021827220916748047,-19.0,36.30000000000001,-26.0,-0.3974243402481079,-34.0,0.0002651810646057129,-16.5,31.5,-22.4,-0.38437458872795105
0.001186341280117631,-43.0,-0.00021827220916748047,-19.0,36.30000000000001,-26.0,-0.3974243402481079,-34.0,0.0002651810646057129,-16.5,31.5,-22.4,-0.38437458872795105
0.001186341280117631,-43.0,-0.0005772113800048828,-19.0,36.30000000000001,-26.0,-0.3974243402481079,-34.0,0.0006241202354431152,-16.5,31.5,-23.4,-0.3796291947364807
0.001186341280117631,-43.0,-0.0005772113800048828,-19.0,36.30000000000001,-26.0,-0.3974243402481079,-34.0,0.0006241202354431152,-16.5,31.5,-23.4,-0.3796291947364807
0.0005931706400588155,-43.0,-0.0005772113800048828,-19.0,36.30000000000001,-26.0,-0.39505165815353394,-34.0,0.0006241202354431152,-16.5,31.5,-23.4,-0.3636136054992676
0.0005931706400588155,-43.0,-0.0005772113800048828,-19.0,36.30000000000001,-27.0,-0.39505165815353394,-34.0,0.0006241202354431152,-16.5,31.5,-23.4,-0.3636136054992676
0.0,-43.0,-0.0005772113800048828,-19.0,37.30000000000001,-27.0,-0.386747270822525,-34.0,0.0006241202354431152,-16.5,31.5,-23.4,-0.3636136054992676
0.0,-43.0,-0.0005772113800048828,-19.0,37.30000000000001,-27.0,-0.386747270822525,-34.0,0.0006241202354431152,-16.5,31.5,-23.4,-0.3636136054992676
0.0,-43.0,-0.0005772113800048828,-19.0,37.30000000000001,-27.0,-0.3790360391139984,-34.0,0.0002651810646057129,-16.5,32.5,-23.4,-0.3636136054992676
0.0,-43.0,-0.0005772113800048828,-19.0,37.30000000000001,-27.0,-0.3790360391139984,-34.0,0.0002651810646057129,-16.5,32.5,-23.4,-0.3636136054992676
0.0,-43.0,0.00014066696166992188,-19.0,37.30000000000001,-27.0,-0.37547701597213745,-34.0,0.0002651810646057129,-16.5,32.5,-23.4,-0.3636136054992676
0.0,-43.0,0.00014066696166992188,-19.0,37.30000000000001,-27.0,-0.37547701597213745,-34.0,0.0002651810646057129,-16.5,32.5,-23.4,-0.3636136054992676
0.0,-43.0,0.00014066696166992188,-19.0,37.30000000000001,-27.0,-0.3707316517829895,-34.0,0.0002651810646057129,-16.5,32.5,-23.4,-0.3636136054992676
0.0,-43.0,0.00014066696166992188,-19.0,37.30000000000001,-27.0,-0.3707316517829895,-34.0,0.0002651810646057129,-16.5,32.5,-23.4,-0.3636136054992676
0.0,-43.0,0.00014066696166992188,-19.0,37.30000000000001,-27.0,-0.3636136054992676,-34.0,0.0002651810646057129,-16.5,32.5,-23.4,-0.3636136054992676
0.0,-43.0,-0.00021827220916748047,-19.0,37.30000000000001,-27.0,-0.3636136054992676,-34.0,0.0002651810646057129,-16.5,32.5,-23.4,-0.3636136054992676
0.0,-43.0,-0.00021827220916748047,-19.0,37.30000000000001,-27.0,-0.3636136054992676,-34.0,0.0002651810646057129,-16.5,32.5,-23.4,-0.3636136054992676
0.0,-43.0,-0.00021827220916748047,-19.0,38.30000000000001,-27.0,-0.351157009601593,-34.0,0.0002651810646057129,-16.5,32.5,-23.4,-0.3636136054992676
0.0,-43.0,-0.00021827220916748047,-20.0,38.30000000000001,-27.0,-0.351157009601593,-34.0,0.0002651810646057129,-17.5,32.5,-23.4,-0.3636136054992676
0.0,-43.0,0.00014066696166992188,-20.0,38.30000000000001,-27.0,-0.33929359912872314,-34.0,0.0002651810646057129,-17.5,33.5,-23.4,-0.3636136054992676
0.0,-43.0,0.00014066696166992188,-20.0,38.30000000000001,-27.0,-0.33929359912872314,-34.0,0.0002651810646057129,-17.5,33.5,-23.4,-0.3636136054992676
0.0,-43.0,0.00014066696166992188,-20.0,38.30000000000001,-27.0,-0.3321755528450012,-34.0,-9.381771087646484e-05,-17.5,33.5,-24.4,-0.3606477379798889
0.0,-43.0,0.00014066696166992188,-20.0,38.30000000000001,-27.0,-0.3321755528450012,-34.0,-9.381771087646484e-05,-17.5,33.5,-24.4,-0.3606477379798889
0.0,-43.0,0.00014066696166992188,-20.0,38.30000000000001,-28.0,-0.3315823972225189,-34.0,-0.0004527568817138672,-17.5,33.5,-24.4,-0.35234335064888
0.0,-43.0,0.00014066696166992188,-20.0,38.30000000000001,-28.0,-0.3315823972225189,-34.0,-0.0004527568817138672,-17.5,33.5,-24.4,-0.35234335064888
0.0,-43.0,-0.00021827220916748047,-20.0,38.30000000000001,-28.0,-0.32327800989151,-34.0,-0.0004527568817138672,-17.5,33.5,-24.4,-0.33988678455352783
0.0,-43.0,-0.00021827220916748047,-20.0,38.30000000000001,-28.0,-0.32327800989151,-34.0,-0.0004527568817138672,-17.5,33.5,-24.4,-0.33988678455352783
0.0,-43.0,-0.00021827220916748047,-20.0,38.30000000000001,-28.0,-0.31200775504112244,-34.0,-0.0004527568817138672,-17.5,33.5,-24.4,-0.33988678455352783
0.0,-43.0,0.00014066696166992188,-20.0,39.30000000000001,-28.0,-0.31200775504112244,-34.0,-0.0008116960525512695,-17.5,33.5,-24.4,-0.3078555762767792
0.0,-43.0,0.00014066696166992188,-20.0,39.30000000000001,-28.0,-0.31200775504112244,-34.0,-0.0008116960525512695,-17.5,33.5,-24.4,-0.3078555762767792
0.0,-43.0,-0.00021827220916748047,-20.0,39.30000000000001,-28.0,-0.3054828941822052,-34.0,-0.0008116960525512695,-17.5,34.5,-24.4,-0.30251702666282654
0.0,-43.0,-0.00021827220916748047,-20.0,39.30000000000001,-28.0,-0.3054828941822052,-34.0,-0.0008116960525512695,-17.5,34.5,-24.4,-0.30251702666282654
0.0,-43.0,0.00014066696166992188,-20.0,39.30000000000001,-28.0,-0.2995511591434479,-34.0,-0.0008116960525512695,-17.5,34.5,-24.4,-0.29302629828453064
0.0,-43.0,0.00014066696166992188,-20.0,39.30000000000001,-28.0,-0.2995511591434479,-34.0,-0.0008116960525512695,-17.5,34.5,-24.4,-0.29302629828453064
0.0,-43.0,-0.00021827220916748047,-20.0,39.30000000000001,-28.0,-0.29361945390701294,-34.0,-0.0008116960525512695,-17.5,34.5,-24.4,-0.29124677181243896
0.0,-43.0,-0.00021827220916748047,-20.0,39.30000000000001,-28.0,-0.29361945390701294,-34.0,-0.0008116960525512695,-17.5,34.5,-24.4,-0.29124677181243896
0.0,-43.0,0.00014066696166992188,-20.0,39.30000000000001,-28.0,-0.2882809340953827,-34.0,-0.0008116960525512695,-17.5,34.5,-24.4,-0.28353556990623474
0.0,-43.0,0.00014066696166992188,-20.0,39.30000000000001,-28.0,-0.2882809340953827,-34.0,-0.0008116960525512695,-17.5,34.5,-24.4,-0.28353556990623474
0.0,-43.0,-0.00021827220916748047,-20.0,40.30000000000001,-28.0,-0.28472191095352173,-34.0,-0.0004527568817138672,-17.5,34.5,-24.4,-0.28234922885894775
0.0,-43.0,-0.00021827220916748047,-21.0,40.30000000000001,-28.0,-0.28472191095352173,-34.0,-0.0004527568817138672,-17.5,34.5,-24.4,-0.28234922885894775
0.0,-43.0,-0.00021827220916748047,-21.0,40.30000000000001,-28.0,-0.2793833613395691,-34.0,-0.0004527568817138672,-18.5,35.5,-24.4,-0.28234922885894775
0.0,-43.0,-0.00021827220916748047,-21.0,40.30000000000001,-28.0,-0.2793833613395691,-34.0,-9.381771087646484e-05,-18.5,35.5,-24.4,-0.2787902057170868
0.0,-43.0,-0.00021827220916748047,-21.0,40.30000000000001,-28.0,-0.2793833613395691,-34.0,-9.381771087646484e-05,-18.5,35.5,-24.4,-0.2787902057170868
0.0,-43.0,0.00014066696166992188,-21.0,40.30000000000001,-28.0,-0.2704858183860779,-34.0,-9.381771087646484e-05,-18.5,35.5,-24.4,-0.27404484152793884
0.0,-43.0,0.00014066696166992188,-21.0,40.30000000000001,-28.0,-0.2704858183860779,-34.0,-9.381771087646484e-05,-18.5,35.5,-25.4,-0.27404484152793884
0.0,-43.0,0.00014066696166992188,-21.0,40.30000000000001,-28.0,-0.26455411314964294,-34.0,-9.381771087646484e-05,-18.5,35.5,-25.4,-0.2692994773387909
0.0,-43.0,0.00014066696166992188,-21.0,40.30000000000001,-28.0,-0.26455411314964294,-34.0,-9.381771087646484e-05,-18.5,35.5,-25.4,-0.2692994773387909
0.0,-43.0,0.00014066696166992188,-21.0,40.30000000000001,-29.0,-0.2604019045829773,-34.0,0.0002651810646057129,-18.5,35.5,-25.4,-0.2604019045829773
0.0,-43.0,0.00014066696166992188,-21.0,40.30000000000001,-29.0,-0.2604019045829773,-34.0,0.0002651810646057129,-18.5,35.5,-25.4,-0.2604019045829773
0.0,-43.0,-0.00021827220916748047,-21.0,41.30000000000001,-29.0,-0.2520975172519684,-34.0,0.0002651810646057129,-18.5,35.5,-25.4,-0.25624972581863403
0.0,-43.0,-0.00021827220916748047,-21.0,41.30000000000001,-29.0,-0.2520975172519684,-34.0,0.0002651810646057129,-18.5,35.5,-25.4,-0.25624972581863403
0.0,-43.0,-0.00021827220916748047,-21.0,41.30000000000001,-29.0,-0.24260678887367249,-34.0,0.0002651810646057129,-18.5,36.5,-25.4,-0.25387704372406006
0.0,-43.0,-0.00021827220916748047,-21.0,41.30000000000001,-29.0,-0.24260678887367249,-34.0,0.0002651810646057129,-18.5,36.5,-25.4,-0.25387704372406006
0.0,-43.0,-0.00021827220916748047,-21.0,41.30000000000001,-29.0,-0.23430240154266357,-34.0,0.0002651810646057129,-18.5,36.5,-25.4,-0.25387704372406006
0.0,-43.0,0.00014066696166992188,-21.0,41.30000000000001,-29.0,-0.23430240154266357,-34.0,0.0002651810646057129,-18.5,36.5,-25.4,-0.24438630044460297
0.0,-43.0,0.00014066696166992188,-21.0,41.30000000000001,-29.0,-0.23430240154266357,-34.0,0.0002651810646057129,-18.5,36.5,-25.4,-0.24438630044460297
0.0,-43.0,-0.00021827220916748047,-21.0,41.30000000000001,-29.0,-0.2236253321170807,-34.0,0.0002651810646057129,-18.5,36.5,-25.4,-0.21769362688064575
0.0,-43.0,-0.00021827220916748047,-21.0,41.30000000000001,-29.0,-0.2236253321170807,-34.0,0.0002651810646057129,-18.5,36.5,-25.4,-0.21769362688064575
0.0,-43.0,0.00014066696166992188,-21.0,41.30000000000001,-29.0,-0.21710045635700226,-34.0,-9.381771087646484e-05,-18.5,36.5,-25.4,-0.1945599764585495
0.0,-43.0,0.00014066696166992188,-21.0,41.30000000000001,-29.0,-0.21710045635700226,-34.0,-9.381771087646484e-05,-18.5,36.5,-25.4,-0.1945599764585495
0.0,-43.0,-0.00021827220916748047,-21.0,42.30000000000001,-29.0,-0.20938923954963684,-34.0,0.0002651810646057129,-18.5,36.5,-25.4,-0.1945599764585495
0.0,-43.0,-0.00021827220916748047,-22.0,42.30000000000001,-29.0,-0.20938923954963684,-34.0,0.0002651810646057129,-19.5,36.5,-25.4,-0.1945599764585495
0.0,-43.0,0.00014066696166992188,-22.0,42.30000000000001,-29.0,-0.2040507048368454,-34.0,-9.381771087646484e-05,-19.5,37.5,-25.4,-0.195153146982193
0.0,-43.0,0.00014066696166992188,-22.0,42.30000000000001,-29.0,-0.2040507048368454,-34.0,-9.381771087646484e-05,-19.5,37.5,-25.4,-0.195153146982193
0.0,-43.0,0.00014066696166992188,-22.0,42.30000000000001,-29.0,-0.1945599764585495,-34.0,-9.381771087646484e-05,-19.5,37.5,-25.4,-0.195153146982193
0.0,-43.0,0.00014066696166992188,-22.0,42.30000000000001,-29.0,-0.1945599764585495,-34.0,0.0002651810646057129,-19.5,37.5,-26.4,-0.195153146982193
0.0,-43.0,0.00014066696166992188,-22.0,42.30000000000001,-29.0,-0.18922142684459686,-34.0,0.0002651810646057129,-19.5,37.5,-26.4,-0.195153146982193
0.0,-43.0,-0.00021827220916748047,-22.0,42.30000000000001,-30.0,-0.18922142684459686,-34.0,-9.381771087646484e-05,-19.5,37.5,-26.4,-0.1945599764585495
0.0,-43.0,-0.00021827220916748047,-22.0,42.30000000000001,-30.0,-0.18922142684459686,-34.0,-9.381771087646484e-05,-19.5,37.5,-26.4,-0.1945599764585495
0.0,-43.0,0.00014066696166992188,-22.0,42.30000000000001,-30.0,-0.18269655108451843,-34.0,-9.381771087646484e-05,-19.5,37.5,-26.4,-0.18922142684459686
0.0,-43.0,0.00014066696166992188,-22.0,43.30000000000001,-30.0,-0.18269655108451843,-34.0,-9.381771087646484e-05,-19.5,37.5,-26.4,-0.18922142684459686
0.0,-43.0,-0.00021827220916748047,-22.0,43.30000000000001,-30.0,-0.17854435741901398,-34.0,-9.381771087646484e-05,-19.5,37.5,-26.4,-0.1856624037027359
0.0,-43.0,-0.00021827220916748047,-22.0,43.30000000000001,-30.0,-0.17854435741901398,-34.0,-9.381771087646484e-05,-19.5,37.5,-26.4,-0.1856624037027359
0.0,-43.0,-0.00021827220916748047,-22.0,43.30000000000001,-30.0,-0.17439216375350952,-34.0,-9.381771087646484e-05,-19.5,38.5,-26.4,-0.17498533427715302
0.0,-43.0,-0.00021827220916748047,-22.0,43.30000000000001,-30.0,-0.17439216375350952,-34.0,-9.381771087646484e-05,-19.5,38.5,-26.4,-0.17498533427715302
0.0,-43.0,0.00014066696166992188,-22.0,43.30000000000001,-30.0,-0.16905362904071808,-34.0,-9.381771087646484e-05,-19.5,38.5,-26.4,-0.17023997008800507
0.0,-43.0,0.00014066696166992188,-22.0,43.30000000000001,-30.0,-0.16905362904071808,-34.0,-9.381771087646484e-05,-19.5,38.5,-26.4,-0.17023997008800507
0.0,-43.0,-0.00021827220916748047,-22.0,43.30000000000001,-30.0,-0.16134241223335266,-34.0,-9.381771087646484e-05,-19.5,38.5,-26.4,-0.1672741174697876
0.0,-43.0,-0.00021827220916748047,-22.0,43.30000000000001,-30.0,-0.16134241223335266,-34.0,-9.381771087646484e-05,-19.5,38.5,-26.4,-0.1672741174697876
0.0,-43.0,-0.00021827220916748047,-22.0,43.30000000000001,-30.0,-0.15481753647327423,-34.0,-9.381771087646484e-05,-19.5,38.5,-26.4,-0.1672741174697876
0.0,-43.0,0.00014066696166992188,-22.0,43.30000000000001,-30.0,-0.15481753647327423,-34.0,-9.381771087646484e-05,-19.5,38.5,-26.4,-0.16074924170970917
0.0,-43.0,0.00014066696166992188,-22.0,44.30000000000001,-30.0,-0.15481753647327423,-34.0,-9.381771087646484e-05,-19.5,38.5,-26.4,-0.16074924170970917
0.0,-43.0,-0.00021827220916748047,-22.0,44.30000000000001,-30.0,-0.15185168385505676,-34.0,0.0002651810646057129,-20.5,38.5,-26.4,-0.1565970480442047
0.0,-43.0,-0.00021827220916748047,-23.0,44.30000000000001,-30.0,-0.15185168385505676,-34.0,0.0002651810646057129,-20.5,39.5,-26.4,-0.1565970480442047
0.0,-43.0,0.00014066696166992188,-23.0,44.30000000000001,-30.0,-0.14651314914226532,-34.0,0.0002651810646057129,-20.5,39.5,-26.4,-0.15007217228412628
0.0,-43.0,0.00014066696166992188,-23.0,44.30000000000001,-30.0,-0.14651314914226532,-34.0,0.0002651810646057129,-20.5,39.5,-26.4,-0.15007217228412628
0.0,-43.0,-0.00021827220916748047,-23.0,44.30000000000001,-30.0,-0.13227705657482147,-34.0,-9.381771087646484e-05,-20.5,39.5,-26.4,-0.14176778495311737
0.0,-43.0,-0.00021827220916748047,-23.0,44.30000000000001,-30.0,-0.13227705657482147,-34.0,-9.381771087646484e-05,-20.5,39.5,-27.4,-0.14176778495311737
0.0,-43.0,0.00014066696166992188,-23.0,44.30000000000001,-30.0,-0.12219315022230148,-34.0,0.0002651810646057129,-20.5,39.5,-27.4,-0.10914339870214462
0.0,-43.0,0.00014066696166992188,-23.0,44.30000000000001,-31.0,-0.12219315022230148,-34.0,0.0002651810646057129,-20.5,39.5,-27.4,-0.10914339870214462
0.0,-43.0,0.00014066696166992188,-23.0,44.30000000000001,-31.0,-0.11329559236764908,-34.0,0.0002651810646057129,-20.5,39.5,-27.4,-0.09372095763683319
0.0,-43.0,0.00014066696166992188,-23.0,44.30000000000001,-31.0,-0.11329559236764908,-34.0,0.0002651810646057129,-20.5,39.5,-27.4,-0.09372095763683319
0.0,-43.0,-0.00021827220916748047,-23.0,45.30000000000001,-31.0,-0.10855022817850113,-34.0,0.0002651810646057129,-20.5,39.5,-27.4,-0.09372095763683319
0.0,-43.0,-0.00021827220916748047,-23.0,45.30000000000001,-31.0,-0.10855022817850113,-34.0,-9.381771087646484e-05,-20.5,39.5,-27.4,-0.09372095763683319
0.0,-43.0,-0.00021827220916748047,-23.0,45.30000000000001,-31.0,-0.10855022817850113,-34.0,-9.381771087646484e-05,-20.5,40.5,-27.4,-0.09372095763683319
0.0,-43.0,0.00014066696166992188,-23.0,45.30000000000001,-31.0,-0.10321169346570969,-34.0,-9.381771087646484e-05,-20.5,40.5,-27.4,-0.09372095763683319
0.0,-43.0,0.00014066696166992188,-23.0,45.30000000000001,-31.0,-0.10321169346570969,-34.0,-9.381771087646484e-05,-20.5,40.5,-27.4,-0.09372095763683319
0.0,-43.0,0.00014066696166992188,-23.0,45.30000000000001,-31.0,-0.09016193449497223,-34.0,-9.381771087646484e-05,-20.5,40.5,-27.4,-0.09372095763683319
0.0,-43.0,0.00014066696166992188,-23.0,45.30000000000001,-31.0,-0.09016193449497223,-34.0,-9.381771087646484e-05,-20.5,40.5,-27.4,-0.09372095763683319
0.0,-43.0,0.00014066696166992188,-23.0,45.30000000000001,-31.0,-0.08660291135311127,-34.0,-9.381771087646484e-05,-20.5,40.5,-27.4,-0.0931277871131897
0.0,-43.0,0.00014066696166992188,-23.0,45.30000000000001,-31.0,-0.08660291135311127,-34.0,-9.381771087646484e-05,-20.5,40.5,-27.4,-0.0931277871131897
0.0,-43.0,0.00014066696166992188,-23.0,45.30000000000001,-31.0,-0.08126437664031982,-34.0,-9.381771087646484e-05,-20.5,40.5,-27.4,-0.08600974082946777
0.0,-43.0,0.00014066696166992188,-23.0,45.30000000000001,-31.0,-0.08126437664031982,-34.0,-9.381771087646484e-05,-20.5,40.5,-27.4,-0.08600974082946777
0.0,-43.0,-0.00021827220916748047,-23.0,46.30000000000001,-31.0,-0.07651901245117188,-34.0,-9.381771087646484e-05,-20.5,40.5,-27.4,-0.08126437664031982
0.0,-43.0,-0.00021827220916748047,-24.0,46.30000000000001,-31.0,-0.07651901245117188,-34.0,-9.381771087646484e-05,-21.5,40.5,-27.4,-0.08126437664031982
0.0,-43.0,0.00014066696166992188,-24.0,46.30000000000001,-31.0,-0.07177364826202393,-34.0,-9.381771087646484e-05,-21.5,41.5,-27.4,-0.08126437664031982
0.0,-43.0,0.00014066696166992188,-24.0,46.30000000000001,-31.0,-0.07177364826202393,-34.0,-9.381771087646484e-05,-21.5,41.5,-27.4,-0.0735531598329544
0.0,-43.0,0.00014066696166992188,-24.0,46.30000000000001,-31.0,-0.07177364826202393,-34.0,-9.381771087646484e-05,-21.5,41.5,-27.4,-0.0735531598329544
0.0,-43.0,-0.00021827220916748047,-24.0,46.30000000000001,-31.0,-0.0652487725019455,-34.0,-9.381771087646484e-05,-21.5,41.5,-28.4,-0.06762145459651947
0.0,-43.0,-0.00021827220916748047,-24.0,46.30000000000001,-31.0,-0.0652487725019455,-34.0,-9.381771087646484e-05,-21.5,41.5,-28.4,-0.06762145459651947
0.0,-43.0,0.00014066696166992188,-24.0,46.30000000000001,-31.0,-0.05813072249293327,-34.0,-9.381771087646484e-05,-21.5,41.5,-28.4,-0.06287609040737152
0.0,-43.0,0.00014066696166992188,-24.0,46.30000000000001,-32.0,-0.05813072249293327,-34.0,-9.381771087646484e-05,-21.5,41.5,-28.4,-0.06287609040737152
0.0,-43.0,0.00014066696166992188,-24.0,46.30000000000001,-32.0,-0.05160584673285484,-34.0,-9.381771087646484e-05,-21.5,41.5,-28.4,-0.05635121092200279
0.0,-43.0,0.00014066696166992188,-24.0,46.30000000000001,-32.0,-0.05160584673285484,-34.0,-9.381771087646484e-05,-21.5,41.5,-28.4,-0.05635121092200279
