0.0,0.0,0.0
0.0,0.0,0.0
-0.7276731729507446,1.0410821437835693,162.98138427734375
-0.7152454257011414,1.0381180047988892,162.9516143798828
-0.7265347242355347,1.04473876953125,162.978271484375
-0.7427355647087097,1.061604619026184,163.0067901611328
-0.7468300461769104,1.088519811630249,163.03250122070312
-0.741152822971344,1.111276388168335,163.04751586914062
-0.7412631511688232,1.1291464567184448,163.06076049804688
-0.7495063543319702,1.127973198890686,163.06903076171875
-0.7355172038078308,1.1222230195999146,163.0692901611328
-0.7122387886047363,1.1168485879898071,163.05487060546875
-0.7010558843612671,1.109931468963623,163.065185546875
-0.7017573118209839,1.0956201553344727,163.11849975585938
-0.7080469131469727,1.0896098613739014,163.1498565673828
-0.6999536156654358,1.091860055923462,163.1522979736328
-0.6792970299720764,1.086135983467102,163.10008239746094
-0.6678383946418762,1.079023003578186,163.05067443847656
-0.6634265780448914,1.0702143907546997,163.05186462402344
-0.6777812242507935,1.0564249753952026,163.10507202148438
-0.6978025436401367,1.052547812461853,163.12867736816406
-0.7102891802787781,1.048902988433838,163.1293182373047
-0.7100425362586975,1.051133394241333,163.10415649414062
-0.7091782689094543,1.0609114170074463,163.07803344726562
-0.7081165313720703,1.0708156824111938,163.06256103515625
-0.7120288610458374,1.0829432010650635,163.07025146484375
-0.7171201109886169,1.098652958869934,163.09884643554688
0.5812444090843201,5.081852912902832,165.7478485107422
0.5834730267524719,5.072772979736328,165.7507781982422
0.5834730267524719,5.072772979736328,165.7507781982422
0.5848445892333984,5.051428318023682,165.7726287841797
0.5863734483718872,5.028930187225342,165.78561401367188
0.5861967206001282,5.021965980529785,165.78610229492188
0.5892167091369629,5.013769626617432,165.78414916992188
0.5967081785202026,4.980703830718994,165.77613830566406
0.5972000956535339,4.946746826171875,165.76809692382812
0.5972000956535339,4.946746826171875,165.76809692382812
0.5945877432823181,4.91338586807251,165.76312255859375
0.5910398960113525,4.8717145919799805,165.75428771972656
0.5886248350143433,4.841643333435059,165.74859619140625
0.5882126688957214,4.8265485763549805,165.74583435058594
0.588933527469635,4.78580904006958,165.73451232910156
0.5831859111785889,4.742396354675293,165.73104858398438
0.5824375748634338,4.728132724761963,165.7303466796875
0.573989748954773,4.693276882171631,165.72482299804688
0.5705535411834717,4.654940128326416,165.71888732910156
0.5688449740409851,4.628718852996826,165.71653747558594
0.5660926103591919,4.620932579040527,165.7174530029297
0.5608906149864197,4.584791660308838,165.72640991210938
0.5499477982521057,4.55021333694458,165.74095153808594
0.5499477982521057,4.55021333694458,165.74095153808594
0.5461105108261108,4.531214714050293,165.74595642089844
0.5418407917022705,4.5175909996032715,165.74948120117188
0.5408430099487305,4.51598596572876,165.74777221679688
0.5408430099487305,4.51598596572876,165.74777221679688
0.5379894375801086,4.512818336486816,165.7318115234375
0.537804901599884,4.463822841644287,165.71717834472656
0.5399191379547119,4.4395976066589355,165.7117462158203
0.545634388923645,4.384986877441406,165.7090301513672
0.5618458986282349,4.222064018249512,165.7080841064453
0.5860916376113892,4.131231307983398,165.72206115722656
0.5860916376113892,4.131231307983398,165.72206115722656
0.6257657408714294,3.9870870113372803,165.78895568847656
0.6276534795761108,3.835284948348999,165.8453826904297
0.6426780223846436,3.673153877258301,165.8506317138672
0.6641278266906738,3.600597620010376,165.84898376464844
1.0843031406402588,3.387824296951294,166.0290069580078
1.488381266593933,3.1715972423553467,166.18695068359375
1.488381266593933,3.1715972423553467,166.18695068359375
1.7413742542266846,3.127284526824951,166.31153869628906
1.950312852859497,2.979691505432129,166.33119201660156
1.842574119567871,3.008152484893799,166.21722412109375
1.73714280128479,3.0642149448394775,166.1456756591797
2.017725944519043,3.2819912433624268,165.92584228515625
2.2164201736450195,3.5635669231414795,165.27317810058594
2.2164201736450195,3.5635669231414795,165.27317810058594
2.423161745071411,3.7393693923950195,164.4545440673828
2.5855300426483154,3.883434295654297,163.2861328125
2.6248862743377686,4.04871940612793,162.45875549316406
2.5855441093444824,4.1132588386535645,162.04248046875
2.4914722442626953,4.153375625610352,160.92678833007812
1.983869194984436,3.9039716720581055,159.9069366455078
1.983869194984436,3.9039716720581055,159.9069366455078
1.666632056236267,3.416896104812622,159.62168884277344
1.5305331945419312,2.9044783115386963,159.8457794189453
1.5254712104797363,2.478304862976074,160.17059326171875
1.5110328197479248,2.2148776054382324,160.33395385742188
1.5294429063796997,1.4037201404571533,160.94078063964844
1.6058180332183838,0.600531816482544,161.70101928710938
1.5929813385009766,0.36952176690101624,161.9690399169922
1.6871883869171143,-0.1523367017507553,162.82142639160156
1.8478776216506958,-0.5211163759231567,163.4715576171875
2.008436679840088,-0.7351213693618774,163.7576446533203
2.0770363807678223,-0.7660498023033142,163.82887268066406
2.276710271835327,-0.7885233759880066,163.71475219726562
2.523862600326538,-0.7722719311714172,163.49888610839844
2.5852527618408203,-0.7905879616737366,163.38821411132812
2.5423922538757324,-0.7946046590805054,163.20254516601562
2.658860683441162,-0.7843635082244873,163.0400848388672
2.7218210697174072,-0.6460939645767212,163.0770263671875
2.7218210697174072,-0.6460939645767212,163.0770263671875
2.9224512577056885,-0.3539615869522095,163.22714233398438
3.19500470161438,-0.5181284546852112,163.6822967529297
3.2299509048461914,-0.5686084032058716,163.8367462158203
3.1768500804901123,-0.5639612078666687,164.17044067382812
3.17804217338562,-0.6331304907798767,164.7181396484375
2.9133267402648926,-0.5669295191764832,165.13319396972656
2.9133267402648926,-0.5669295191764832,165.13319396972656
2.629605770111084,-0.7448116540908813,165.55636596679688
1.8958581686019897,-1.045241355895996,165.95870971679688
1.6199898719787598,-1.2288281917572021,166.2275848388672
1.4944936037063599,-1.2221472263336182,166.368896484375
0.7236518859863281,-1.0908459424972534,166.73643493652344
0.6642119884490967,-0.9633902907371521,166.98838806152344
0.6642119884490967,-0.9633902907371521,166.98838806152344
0.4114275872707367,-0.8034446239471436,167.1653594970703
0.22236502170562744,-0.6420056223869324,167.447509765625
0.0665547326207161,-0.5493351221084595,167.54331970214844
0.0665547326207161,-0.5493351221084595,167.54331970214844
-0.016014501452445984,-0.3172793388366699,167.6300506591797
-0.01663569174706936,0.034850820899009705,167.80899047851562
-0.02201196178793907,0.12806691229343414,167.85757446289062
-0.1658152937889099,0.3702155351638794,168.06398010253906
-0.22285747528076172,0.7946192622184753,168.59547424316406
-0.39299914240837097,1.135964035987854,169.3514862060547
-0.39299914240837097,1.135964035987854,169.3514862060547
-0.2577396631240845,1.702675461769104,170.3913116455078
-0.20317679643630981,2.476696014404297,171.95346069335938
-0.1780884563922882,2.6925315856933594,172.34066772460938
-0.2325332760810852,2.862375497817993,172.7135467529297
-0.3099883794784546,3.0968618392944336,173.6212921142578
-0.4693417251110077,3.017282485961914,173.5553436279297
-0.4693417251110077,3.017282485961914,173.5553436279297
-0.35245752334594727,2.858259916305542,173.10472106933594
0.04573957622051239,2.3452954292297363,172.12283325195312
0.1985659897327423,2.169553279876709,171.93382263183594
0.30511489510536194,1.9868203401565552,171.7859649658203
0.34360504150390625,1.4550676345825195,171.45301818847656
0.41455480456352234,1.0037366151809692,171.13528442382812
0.3829346299171448,0.8895642161369324,171.001220703125
0.26603180170059204,0.7873260378837585,170.68116760253906
0.2259993702173233,1.2874337434768677,169.800537109375
0.17868544161319733,1.6608161926269531,169.42337036132812
0.17868544161319733,1.6608161926269531,169.42337036132812
0.15605346858501434,2.4129388332366943,168.91522216796875
0.033443883061409,2.8816802501678467,168.76376342773438
-0.04561103135347366,3.024867057800293,168.67440795898438
-0.17671005427837372,3.3265175819396973,168.5562286376953
-0.35958918929100037,3.538034439086914,168.34866333007812
-0.4169536232948303,3.7288551330566406,168.14984130859375
-0.4169536232948303,3.7288551330566406,168.14984130859375
-0.45267847180366516,3.98175048828125,167.74172973632812
-0.23304300010204315,4.313151836395264,167.51930236816406
-0.29919353127479553,4.2392659187316895,167.33612060546875
-0.10643734782934189,4.257869720458984,166.90699768066406
0.4000801742076874,4.518840789794922,166.414794921875
0.6477198600769043,4.564897537231445,165.73875427246094
0.6477198600769043,4.564897537231445,165.73875427246094
0.7038043141365051,4.636109352111816,165.21914672851562
1.1296939849853516,4.49951171875,165.1301727294922
1.072856068611145,4.423148155212402,165.19837951660156
1.2957922220230103,4.2610578536987305,165.52149963378906
1.7118524312973022,4.197061061859131,166.271728515625
1.7828776836395264,4.20224666595459,166.96237182617188
1.7828776836395264,4.20224666595459,166.96237182617188
1.843313217163086,4.273180961608887,167.51148986816406
1.804517388343811,4.274538516998291,167.62844848632812
1.7248891592025757,4.230661869049072,167.51992797851562
1.7099475860595703,4.224758625030518,167.4620819091797
1.845457911491394,3.943380117416382,167.03611755371094
1.8781601190567017,3.7006232738494873,166.600341796875
1.8781601190567017,3.7006232738494873,166.600341796875
1.9614970684051514,3.4672861099243164,166.34071350097656
1.7680734395980835,3.39447283744812,166.01670837402344
1.7724418640136719,3.2971529960632324,165.73487854003906
1.7177540063858032,3.277815818786621,165.58544921875
1.6535933017730713,3.2744014263153076,165.019287109375
1.5280359983444214,3.1267120838165283,164.43858337402344
1.4746770858764648,3.091235637664795,164.1685028076172
1.348385214805603,3.036691665649414,163.66690063476562
0.8990496397018433,2.898463010787964,162.507568359375
0.829881489276886,2.7680840492248535,162.0818634033203
0.829881489276886,2.7680840492248535,162.0818634033203
0.5831553936004639,2.0901899337768555,161.69342041015625
0.4586905837059021,1.2075395584106445,161.5892333984375
0.44368433952331543,0.88402259349823,161.63253784179688
0.4682601988315582,0.11848621815443039,161.8259735107422
0.3339575529098511,-1.0369391441345215,162.21022033691406
0.3552667498588562,-2.0405614376068115,162.66619873046875
0.3552667498588562,-2.0405614376068115,162.66619873046875
0.41226768493652344,-3.060223340988159,163.24752807617188
0.44144406914711,-3.9691314697265625,163.89013671875
0.5691056251525879,-4.449962139129639,164.31561279296875
0.5998887419700623,-4.613218307495117,164.53077697753906
0.8645281195640564,-5.023847579956055,165.18948364257812
0.813895583152771,-4.8898468017578125,165.51019287109375
0.813895583152771,-4.8898468017578125,165.51019287109375
1.0173391103744507,-4.890793323516846,165.53321838378906
0.9187510013580322,-5.080057144165039,165.5130615234375
1.0014894008636475,-5.22852087020874,165.46023559570312
1.0407568216323853,-5.320235729217529,165.44879150390625
1.1459661722183228,-5.604686260223389,165.46337890625
1.4191950559616089,-5.97744607925415,165.58445739746094
1.4914615154266357,-6.079013347625732,165.61534118652344
1.6914796829223633,-6.295247554779053,165.67852783203125
1.8894071578979492,-6.587414264678955,165.69015502929688
1.8674076795578003,-6.9496870040893555,165.61810302734375
1.8674076795578003,-6.9496870040893555,165.61810302734375
1.6820344924926758,-7.295779705047607,165.42835998535156
1.4522916078567505,-7.323797702789307,165.03936767578125
1.4165147542953491,-7.176836013793945,164.84812927246094
1.355215072631836,-7.0547285079956055,164.7369842529297
1.2091655731201172,-6.698739528656006,164.51663208007812
1.2345199584960938,-6.320985317230225,164.6344451904297
1.2345199584960938,-6.320985317230225,164.6344451904297
1.1961181163787842,-6.1730852127075195,164.97052001953125
0.9092512130737305,-6.068766117095947,165.43699645996094
0.7284384369850159,-5.940814018249512,165.65335083007812
0.6531049609184265,-5.875360488891602,165.79598999023438
0.42976662516593933,-5.573399066925049,166.25270080566406
0.4369485080242157,-5.112648010253906,167.1276092529297
0.4369485080242157,-5.112648010253906,167.1276092529297
0.3032149374485016,-4.805770397186279,167.5618438720703
0.1487724334001541,-4.294807434082031,168.62091064453125
-0.09299911558628082,-4.109564304351807,169.2930145263672
-0.09299911558628082,-4.109564304351807,169.2930145263672
-0.5799025893211365,-3.533064603805542,170.7667694091797
-0.6267153024673462,-2.883289337158203,171.8812255859375
-0.6472342014312744,-2.6069109439849854,172.18470764160156
-0.7315661311149597,-2.131277084350586,172.7147674560547
-0.41165727376937866,-1.479735016822815,173.48251342773438
-0.2864398956298828,-1.0938183069229126,174.05995178222656
-0.2864398956298828,-1.0938183069229126,174.05995178222656
-0.20323261618614197,-0.8766604065895081,174.22494506835938
-0.24416349828243256,-1.0334205627441406,173.9010467529297
-0.2629396319389343,-1.1200742721557617,173.75025939941406
-0.2751300036907196,-1.2593311071395874,173.5976104736328
-0.2418029010295868,-1.8991143703460693,173.12269592285156
-0.20272450149059296,-2.274707317352295,172.87669372558594
-0.20272450149059296,-2.274707317352295,172.87669372558594
-0.22783006727695465,-2.4591851234436035,172.6345672607422
-0.226427361369133,-2.351288080215454,172.30136108398438
-0.3181189298629761,-2.1714518070220947,172.03433227539062
-0.3710177540779114,-2.0288004875183105,171.88491821289062
-0.44357091188430786,-1.4006010293960571,171.44158935546875
-0.5866478681564331,-0.6703764200210571,171.08853149414062
-0.6538068652153015,-0.4393458366394043,170.94635009765625
-0.7057021856307983,-0.09648939222097397,170.71241760253906
-0.868082582950592,0.26545074582099915,170.27774047851562
-0.8134456276893616,0.3119288384914398,170.1331329345703
-0.8134456276893616,0.3119288384914398,170.1331329345703
-0.8788629174232483,0.3054552674293518,170.013427734375
-0.7526040077209473,0.34768906235694885,169.92373657226562
-0.6955429911613464,0.4374769628047943,169.84129333496094
-0.6997257471084595,0.4843297600746155,169.78929138183594
-0.6355988383293152,0.6549323201179504,169.6390380859375
-0.43247416615486145,1.0919053554534912,169.60427856445312
-0.43247416615486145,1.0919053554534912,169.60427856445312
-0.011491820216178894,1.4587422609329224,169.68984985351562
0.5023720860481262,1.8490350246429443,169.85797119140625
0.7562349438667297,2.069525957107544,170.03439331054688
0.8034606575965881,2.1643967628479004,170.0467071533203
0.7973933815956116,2.432197093963623,169.97708129882812
0.44677260518074036,2.327315330505371,169.79278564453125
0.44677260518074036,2.327315330505371,169.79278564453125
0.1994534432888031,2.007193088531494,169.80819702148438
-0.04384800046682358,1.8030287027359009,169.90838623046875
0.00475368183106184,1.6703332662582397,170.00894165039062
0.10202709585428238,1.666648507118225,170.0507354736328
0.16464518010616302,1.5992234945297241,169.9314727783203
0.07224328815937042,1.5780088901519775,169.40074157714844
0.05155698582530022,1.5311416387557983,169.22132873535156
0.10452375560998917,1.445271372795105,168.93629455566406
-0.12292733043432236,1.2162275314331055,168.32313537597656
-0.11506224423646927,1.0600531101226807,168.15138244628906
-0.11506224423646927,1.0600531101226807,168.15138244628906
-0.49559852480888367,0.7101780772209167,167.8307342529297
-0.6312465071678162,0.3851962983608246,167.7833251953125
-0.7033082842826843,0.2694246768951416,167.74697875976562
-0.9106639623641968,0.017669156193733215,167.71710205078125
-1.2477484941482544,-0.16879555583000183,167.6171417236328
-1.4029558897018433,-0.42685696482658386,167.61764526367188
-1.5410921573638916,-0.5566588640213013,167.60609436035156
-1.8616782426834106,-0.6899003982543945,167.49090576171875
-2.0495169162750244,-0.8410730361938477,167.15760803222656
-2.0492162704467773,-0.861177384853363,166.96328735351562
-2.018770694732666,-0.8641571998596191,166.62010192871094
-1.9453271627426147,-0.7873899936676025,166.02145385742188
-1.8119906187057495,-0.6322680115699768,165.5352325439453
-1.8119906187057495,-0.6322680115699768,165.5352325439453
-1.7355983257293701,-0.24141550064086914,164.89207458496094
-1.7980185747146606,-0.07745639234781265,164.3496856689453
-1.7956949472427368,-0.06369554996490479,164.14947509765625
-1.7710634469985962,-0.08645498007535934,163.7388458251953
-1.7544485330581665,-0.48053598403930664,163.1713104248047
-1.4887075424194336,-0.8950167894363403,162.75636291503906
-1.4887075424194336,-0.8950167894363403,162.75636291503906
-1.4692960977554321,-1.4276705980300903,162.73471069335938
-1.3535088300704956,-2.0963211059570312,162.92373657226562
-1.350864291191101,-2.2657110691070557,162.96038818359375
-1.341630220413208,-2.6775691509246826,163.0568084716797
-1.3406134843826294,-3.4366190433502197,163.26657104492188
-1.3283216953277588,-3.997891426086426,163.63925170898438
-1.3283216953277588,-3.997891426086426,163.63925170898438
-1.4133954048156738,-4.5505690574646,163.880859375
-1.6501260995864868,-5.583320617675781,164.458984375
-1.7286462783813477,-5.892614841461182,164.75880432128906
-1.7286462783813477,-5.892614841461182,164.75880432128906
-1.882136344909668,-6.3204731941223145,165.13037109375
-1.9246809482574463,-6.476056098937988,165.5723419189453
-1.9314477443695068,-6.437361240386963,165.74789428710938
-1.8680419921875,-6.520343780517578,166.05795288085938
-1.3084269762039185,-6.640369892120361,166.6397247314453
-1.1620539426803589,-6.594316482543945,166.72552490234375
-1.0197339057922363,-6.530913352966309,166.81228637695312
-0.7117036581039429,-6.354721546173096,166.9766387939453
-0.3476742208003998,-6.123795509338379,166.82740783691406
-0.3476742208003998,-6.123795509338379,166.82740783691406
-0.20919382572174072,-5.984724521636963,166.63397216796875
0.18569184839725494,-5.609371662139893,165.98960876464844
0.31915563344955444,-5.341753959655762,165.52304077148438
0.39560526609420776,-5.246582984924316,165.26332092285156
0.43423470854759216,-4.933999538421631,164.46347045898438
0.49304062128067017,-4.6886773109436035,163.59178161621094
0.45036956667900085,-4.496783256530762,163.30294799804688
0.14282044768333435,-4.201073169708252,162.84764099121094
-0.061697427183389664,-3.4902186393737793,162.23724365234375
-0.5062587261199951,-2.8413257598876953,161.70028686523438
-0.5062587261199951,-2.8413257598876953,161.70028686523438
-0.6461485624313354,-2.114823818206787,161.0631103515625
-0.7673917412757874,-1.7864105701446533,160.5420379638672
-0.7844288349151611,-1.6348470449447632,160.3530731201172
-1.055402398109436,-1.3890283107757568,160.04339599609375
-1.448001503944397,-1.0377453565597534,159.8656005859375
-2.1093664169311523,-0.7767949104309082,160.55686950683594
-2.1093664169311523,-0.7767949104309082,160.55686950683594
-2.4416661262512207,-0.3959425389766693,162.0719757080078
-2.1972877979278564,0.13561056554317474,163.10702514648438
-1.9922242164611816,0.33139491081237793,163.4003448486328
-1.7953531742095947,0.6738777160644531,163.908203125
-1.693818211555481,1.174629807472229,164.5635223388672
-1.6636472940444946,1.3928557634353638,165.0460968017578
-1.6636472940444946,1.3928557634353638,165.0460968017578
-1.761367678642273,1.412733554840088,165.35105895996094
-1.761367678642273,1.412733554840088,165.35105895996094
-1.6818225383758545,1.0516042709350586,165.44564819335938
-1.7814098596572876,0.8837758302688599,165.37718200683594
-2.352562189102173,0.48700886964797974,165.11297607421875
-2.760773181915283,-0.24014422297477722,164.60182189941406
-2.760773181915283,-0.24014422297477722,164.60182189941406
-3.2109692096710205,-0.8382800817489624,164.1612548828125
-3.1548850536346436,-1.2879084348678589,163.81224060058594
-3.2784879207611084,-1.6862688064575195,163.691162109375
-3.1848220825195312,-1.9315361976623535,163.56617736816406
-3.152574062347412,-2.134385824203491,163.47213745117188
-2.9050068855285645,-2.1251561641693115,163.32293701171875
-2.9050068855285645,-2.1251561641693115,163.32293701171875
-2.982217788696289,-1.8210557699203491,163.2301788330078
-2.937940835952759,-1.3816478252410889,163.2962646484375
-3.056269407272339,-1.0841975212097168,163.4000244140625
-3.056269407272339,-1.0841975212097168,163.4000244140625
-3.1409294605255127,-0.4930175244808197,163.74659729003906
-3.4339702129364014,0.04874386638402939,164.28945922851562
-3.507758617401123,0.2373480498790741,164.39492797851562
-3.7266438007354736,0.6347111463546753,164.59677124023438
-3.928314447402954,1.0695379972457886,164.80479431152344
-4.028062343597412,1.3968991041183472,165.04322814941406
-4.028062343597412,1.3968991041183472,165.04322814941406
-4.0870747566223145,1.4324496984481812,165.33544921875
-4.03877592086792,1.1957679986953735,165.59657287597656
-3.9812207221984863,0.9120419025421143,165.6995391845703
-3.9258365631103516,0.7353951930999756,165.7179412841797
-3.6606152057647705,-0.09431525319814682,165.72970581054688
-3.5187697410583496,-0.8458104133605957,165.64015197753906
-3.5187697410583496,-0.8458104133605957,165.64015197753906
-3.431104898452759,-1.4575893878936768,165.5797882080078
-3.2260873317718506,-1.8380721807479858,165.57240295410156
-3.2457075119018555,-1.9187169075012207,165.5369415283203
-3.23508620262146,-1.950276255607605,165.52919006347656
-3.1124179363250732,-1.8877723217010498,165.44512939453125
-3.090015172958374,-1.9409478902816772,165.3649444580078
-3.090015172958374,-1.9409478902816772,165.3649444580078
-3.10945463180542,-1.7827751636505127,165.14952087402344
-3.0454626083374023,-1.5490810871124268,164.9107208251953
-3.0344552993774414,-1.4285297393798828,164.67852783203125
-3.098290205001831,-1.3709642887115479,164.56436157226562
-3.05267333984375,-1.1899460554122925,164.1870574951172
-3.089036226272583,-0.8774486184120178,163.53030395507812
-3.089036226272583,-0.8774486184120178,163.53030395507812
-3.023162603378296,-0.505831241607666,163.1986846923828
-3.0984203815460205,-0.06972751766443253,162.6931610107422
-3.0459492206573486,0.5397011637687683,162.28855895996094
-3.0459492206573486,0.5397011637687683,162.28855895996094
-3.1308212280273438,0.967789351940155,161.9733428955078
-3.021521806716919,1.153132438659668,161.81204223632812
-3.008361577987671,1.2054929733276367,161.78176879882812
-2.8404181003570557,1.2140001058578491,161.7475128173828
-2.56841778755188,1.1005430221557617,161.80357360839844
-2.3862144947052,0.7868655323982239,161.99488830566406
-2.3862144947052,0.7868655323982239,161.99488830566406
-2.094276189804077,0.3798220753669739,162.29017639160156
-1.766532063484192,-0.036595460027456284,162.751220703125
-1.584187626838684,-0.37918999791145325,163.06517028808594
-1.5660189390182495,-0.5197869539260864,163.2408447265625
-1.2736583948135376,-1.0678844451904297,163.8035430908203
-1.1810017824172974,-1.3721038103103638,164.38491821289062
-1.151779055595398,-1.4762099981307983,164.56158447265625
-0.9416027665138245,-1.5462586879730225,164.8315887451172
-0.5628109574317932,-1.8243144750595093,165.02569580078125
-0.2130972146987915,-1.8171764612197876,164.97384643554688
-0.14625495672225952,-1.8373099565505981,164.9470672607422
0.037901319563388824,-1.873996376991272,164.77220153808594
0.35427436232566833,-1.9458860158920288,164.47808837890625
0.3861654996871948,-1.9707473516464233,164.38967895507812
0.5998319983482361,-1.995503544807434,164.18392944335938
0.8187880516052246,-2.1211612224578857,163.8440704345703
1.0415679216384888,-2.0782883167266846,163.71188354492188
1.0415679216384888,-2.0782883167266846,163.71188354492188
1.0950977802276611,-2.042746067047119,163.6551055908203
1.2574653625488281,-2.080361843109131,163.63626098632812
1.2239947319030762,-2.0909652709960938,163.69406127929688
1.2071994543075562,-2.184790849685669,163.85629272460938
1.1638849973678589,-2.1590936183929443,164.07601928710938
1.116732120513916,-1.8958160877227783,164.3711700439453
1.116732120513916,-1.8958160877227783,164.3711700439453
0.936536431312561,-1.723605751991272,164.62371826171875
1.466589331626892,-1.5710277557373047,164.85472106933594
1.4851120710372925,-1.3215385675430298,164.9785614013672
1.4025506973266602,-1.2016520500183105,165.0016326904297
1.7986165285110474,-0.720081090927124,164.97242736816406
1.9041413068771362,0.015124494209885597,164.76759338378906
1.9041413068771362,0.015124494209885597,164.76759338378906
2.0506064891815186,0.38736486434936523,164.45384216308594
2.425347089767456,1.2610654830932617,163.40542602539062
2.669764280319214,1.4923540353775024,162.96656799316406
2.669764280319214,1.4923540353775024,162.96656799316406
2.714559555053711,1.6019251346588135,162.02085876464844
2.5898773670196533,1.360936164855957,161.3234405517578
2.521015167236328,1.2121611833572388,161.08375549316406
2.381654977798462,0.8865194916725159,160.5889129638672
2.141801357269287,0.22206133604049683,159.935791015625
2.011526346206665,-0.5080347657203674,159.31607055664062
2.011526346206665,-0.5080347657203674,159.31607055664062
1.9182202816009521,-1.3236078023910522,158.87335205078125
1.7322443723678589,-2.167283535003662,158.5629425048828
1.695133924484253,-2.3676297664642334,158.5321044921875
1.6244802474975586,-2.5447609424591064,158.49905395507812
1.3723171949386597,-2.9243686199188232,158.54156494140625
1.0265897512435913,-3.233734369277954,158.84530639648438
1.0265897512435913,-3.233734369277954,158.84530639648438
0.9403629302978516,-3.234609603881836,159.02618408203125
0.861379861831665,-3.0881636142730713,159.12460327148438
0.8051405549049377,-2.92805552482605,159.12205505371094
0.6779665946960449,-2.801649570465088,159.06431579589844
0.2618594467639923,-3.1927812099456787,159.1417694091797
-0.5373662710189819,-3.5437562465667725,159.93072509765625
-0.5373662710189819,-3.5437562465667725,159.93072509765625
-1.525733470916748,-3.6345129013061523,160.6967010498047
-2.249331474304199,-3.608828067779541,161.47637939453125
-2.8083958625793457,-3.5195116996765137,161.78964233398438
-2.8083958625793457,-3.5195116996765137,161.78964233398438
-3.4264819622039795,-3.4560413360595703,161.9454803466797
-3.7856266498565674,-3.317816734313965,161.80218505859375
-3.7946934700012207,-3.3288567066192627,161.7096405029297
-3.873736619949341,-3.36683988571167,161.51158142089844
-3.895984172821045,-3.3880841732025146,161.19993591308594
-3.8403851985931396,-3.3971290588378906,160.88311767578125
-3.8403851985931396,-3.3971290588378906,160.88311767578125
-3.976778268814087,-3.4955639839172363,160.63055419921875
-4.1297149658203125,-3.6553139686584473,160.5071258544922
-4.340128421783447,-3.902129888534546,160.47640991210938
-4.362298965454102,-4.014617443084717,160.4735870361328
-4.695080280303955,-4.416343688964844,160.41708374023438
-4.791477680206299,-4.45226526260376,160.3266143798828
-4.791477680206299,-4.45226526260376,160.3266143798828
-4.678164482116699,-4.6032257080078125,160.0630340576172
-4.635921955108643,-4.939478397369385,159.7222137451172
-4.617413520812988,-4.961352825164795,159.64572143554688
-4.602962493896484,-4.964550495147705,159.58876037597656
-4.64138126373291,-5.017355442047119,159.35227966308594
-4.464023590087891,-4.855165004730225,158.9826202392578
-4.464023590087891,-4.855165004730225,158.9826202392578
-4.467319488525391,-4.869991779327393,158.70294189453125
-4.224117279052734,-4.587902545928955,158.5039520263672
-4.366417407989502,-4.595076560974121,158.4506072998047
-4.3126630783081055,-4.5110764503479,158.4252166748047
-4.228134632110596,-4.474070072174072,158.46853637695312
-4.204161167144775,-4.602121829986572,158.54644775390625
-4.204161167144775,-4.602121829986572,158.54644775390625
-4.380274772644043,-4.733279705047607,158.60751342773438
-4.392601013183594,-5.04597806930542,158.74041748046875
-4.4688239097595215,-5.365874767303467,158.98667907714844
-4.4688239097595215,-5.365874767303467,158.98667907714844
-4.604763984680176,-5.91810941696167,159.2562255859375
-4.682608127593994,-6.301355361938477,159.3341522216797
-4.679917812347412,-6.335601806640625,159.36380004882812
-4.673798561096191,-6.32268762588501,159.43801879882812
-4.495736598968506,-6.01959753036499,159.4590606689453
-4.400461673736572,-5.459283828735352,159.51736450195312
-4.400461673736572,-5.459283828735352,159.51736450195312
-4.029096603393555,-5.068682670593262,159.6736297607422
-3.8483786582946777,-4.579878807067871,159.93502807617188
-3.667994976043701,-4.076613426208496,160.3118133544922
-3.6073431968688965,-3.8038291931152344,160.5228271484375
-3.5027005672454834,-3.0917837619781494,161.78176879882812
-3.4798660278320312,-2.8740451335906982,162.95372009277344
-3.4798660278320312,-2.8740451335906982,162.95372009277344
-3.4096333980560303,-2.78373384475708,163.78860473632812
-3.3068511486053467,-2.852562189102173,165.29457092285156
-3.2368311882019043,-2.965975522994995,165.90689086914062
-3.2368311882019043,-2.965975522994995,165.90689086914062
-3.0003111362457275,-3.2740159034729004,166.78977966308594
-2.787018299102783,-3.3325252532958984,167.08062744140625
-2.724777936935425,-3.2995762825012207,167.09042358398438
-2.59440016746521,-3.2149343490600586,167.029052734375
-2.3332390785217285,-2.919919967651367,166.64468383789062
-2.2447519302368164,-2.7598342895507812,166.35987854003906
-2.218421459197998,-2.665771245956421,166.20021057128906
-2.0406599044799805,-2.3846490383148193,165.8004150390625
-1.8404117822647095,-2.0755040645599365,165.66622924804688
-1.671040415763855,-2.08608341217041,165.72000122070312
-1.4804764986038208,-2.0529139041900635,165.79864501953125
-0.9984006881713867,-1.9067933559417725,166.2762908935547
-0.5811977386474609,-1.8214243650436401,166.71449279785156
-0.5811977386474609,-1.8214243650436401,166.71449279785156
-0.12393484264612198,-1.8880228996276855,167.22900390625
0.08332986384630203,-1.918472170829773,167.47708129882812
0.14821757376194,-1.9370908737182617,167.5088348388672
0.2678883671760559,-1.9097785949707031,167.52235412597656
0.5617453455924988,-1.6963026523590088,167.43663024902344
0.9693207740783691,-1.540215015411377,167.34329223632812
0.9693207740783691,-1.540215015411377,167.34329223632812
1.2000737190246582,-1.2779579162597656,167.4081268310547
1.696804404258728,-1.1699295043945312,167.5670166015625
1.6845449209213257,-1.0043011903762817,167.63153076171875
1.688723087310791,-0.9021140933036804,167.69419860839844
2.1160194873809814,-0.7860084176063538,167.92433166503906
2.1705377101898193,-0.8733838796615601,168.1289825439453
2.3286333084106445,-0.9467921257019043,168.17100524902344
2.6286797523498535,-1.1542961597442627,168.1783905029297
2.663823127746582,-1.6390221118927002,168.3097381591797
2.748094320297241,-1.7514574527740479,168.42140197753906
2.748094320297241,-1.7514574527740479,168.42140197753906
2.7338762283325195,-1.6709097623825073,168.6980743408203
2.4919533729553223,-1.518959641456604,168.89060974121094
2.4007534980773926,-1.4505066871643066,168.92344665527344
2.6196296215057373,-1.390806794166565,169.04127502441406
2.3568270206451416,-1.2458628416061401,169.21202087402344
2.234152317047119,-1.1449558734893799,169.0604248046875
2.234152317047119,-1.1449558734893799,169.0604248046875
2.000431537628174,-0.8631333708763123,168.72793579101562
2.066244125366211,-0.68361896276474,168.4907684326172
2.0081546306610107,-0.5811335444450378,168.39736938476562
1.9756584167480469,-0.4034735858440399,168.18234252929688
2.1224188804626465,-0.058307189494371414,167.70193481445312
2.2837753295898438,0.4324520528316498,167.1046600341797
2.2837753295898438,0.4324520528316498,167.1046600341797
2.2312726974487305,0.7947459816932678,166.37237548828125
2.129476547241211,1.0603468418121338,165.47750854492188
1.8978022336959839,1.2597495317459106,164.88121032714844
1.7719435691833496,1.3515733480453491,164.62110900878906
1.5605580806732178,1.6030552387237549,163.85719299316406
0.9391267895698547,1.7955548763275146,162.95460510253906
0.9391267895698547,1.7955548763275146,162.95460510253906
0.4478331208229065,1.557343602180481,162.13662719726562
0.08155961334705353,1.1731418371200562,161.447021484375
-0.09604714065790176,0.66867995262146,161.0515594482422
-0.19878655672073364,0.4901224374771118,160.8666229248047
-0.3359159827232361,-0.15990325808525085,160.53269958496094
-0.419418603181839,-0.7314940094947815,160.6923370361328
-0.49802321195602417,-0.9147630929946899,160.86892700195312
-0.6876081228256226,-1.2452952861785889,161.33053588867188
-1.015493631362915,-1.7862225770950317,162.1592254638672
-1.2118513584136963,-1.9677155017852783,162.55201721191406
-1.2118513584136963,-1.9677155017852783,162.55201721191406
-1.4508123397827148,-2.1681532859802246,163.0001983642578
-1.6041409969329834,-2.0470657348632812,163.0802001953125
-1.6352499723434448,-2.0511136054992676,163.0233154296875
-1.9141279458999634,-2.149665117263794,162.83615112304688
-2.2565674781799316,-2.202707529067993,162.59153747558594
-2.6420607566833496,-2.3382163047790527,162.495361328125
-2.6420607566833496,-2.3382163047790527,162.495361328125
-2.9027390480041504,-2.47758150100708,162.6332550048828
-3.114656448364258,-2.6129953861236572,163.02371215820312
-3.0813629627227783,-2.553378105163574,163.12109375
-3.0656931400299072,-2.5009429454803467,163.21783447265625
-3.151519775390625,-2.59547758102417,163.4644012451172
-2.8979036808013916,-2.6371848583221436,163.64503479003906
-2.9459445476531982,-2.7733089923858643,163.66603088378906
-2.856044292449951,-3.1414918899536133,163.63784790039062
-2.705120325088501,-3.357389211654663,163.6283721923828
-2.7638356685638428,-3.321333646774292,163.50611877441406
-2.7638356685638428,-3.321333646774292,163.50611877441406
-2.7302675247192383,-2.9956493377685547,163.29367065429688
-2.623598337173462,-2.7287206649780273,163.34263610839844
-2.54451847076416,-2.6218619346618652,163.41397094726562
-2.674506664276123,-2.4996438026428223,163.6298828125
-2.5344481468200684,-2.2489633560180664,163.9589385986328
-2.6751151084899902,-2.1974053382873535,164.3133544921875
-2.6751151084899902,-2.1974053382873535,164.3133544921875
-2.52384877204895,-2.0712380409240723,164.65843200683594
-2.568410634994507,-1.7261642217636108,165.08013916015625
-2.4671132564544678,-1.5658355951309204,165.17213439941406
-2.462970495223999,-1.397750973701477,165.25283813476562
-2.4496233463287354,-1.1489371061325073,165.49249267578125
-2.4849050045013428,-0.8387843370437622,165.6342010498047
-2.4849050045013428,-0.8387843370437622,165.6342010498047
-2.583688497543335,-0.6637527942657471,165.9337158203125
-2.3684732913970947,-0.3295293152332306,166.6199188232422
-2.2112436294555664,-0.011746352538466454,167.60025024414062
-2.2112436294555664,-0.011746352538466454,167.60025024414062
-1.7445765733718872,0.6346557140350342,169.27796936035156
-1.1953072547912598,0.9230444431304932,170.55625915527344
-1.1093589067459106,0.9894528985023499,170.89149475097656
-0.8029065132141113,1.0336039066314697,171.35365295410156
-0.4296051263809204,0.8877147436141968,171.60552978515625
-0.09348740428686142,0.6157518625259399,171.29652404785156
-0.09348740428686142,0.6157518625259399,171.29652404785156
0.20064090192317963,0.370637983083725,170.86624145507812
0.38759928941726685,0.0782933384180069,170.4484100341797
0.555930495262146,-0.06314180791378021,170.2126007080078
0.6381776928901672,-0.10876031965017319,170.0941619873047
0.798758327960968,-0.3764829635620117,169.64939880371094
1.0226646661758423,-0.5083999633789062,169.04469299316406
1.0226646661758423,-0.5083999633789062,169.04469299316406
0.9958831667900085,-0.2377178966999054,168.67616271972656
1.0878883600234985,0.2847215533256531,168.51988220214844
1.1073660850524902,0.5731480717658997,168.63592529296875
1.1073660850524902,0.5731480717658997,168.63592529296875
1.1802146434783936,0.8705514669418335,168.8190155029297
1.4125887155532837,1.3549760580062866,168.97744750976562
1.5128984451293945,1.4382574558258057,168.97024536132812
1.7705810070037842,1.5781877040863037,168.89981079101562
1.9168728590011597,1.8846237659454346,168.6978759765625
2.265994071960449,2.0595598220825195,168.34616088867188
2.265994071960449,2.0595598220825195,168.34616088867188
2.295839786529541,2.2489328384399414,168.00411987304688
2.5694708824157715,2.4758691787719727,167.7896270751953
2.628302812576294,2.6046338081359863,167.69236755371094
2.628302812576294,2.6046338081359863,167.69236755371094
2.4652161598205566,2.5699329376220703,167.5516357421875
2.2321951389312744,2.293765068054199,167.73687744140625
2.07768177986145,2.235731601715088,167.86386108398438
2.0398571491241455,2.1074821949005127,168.15623474121094
1.7105480432510376,2.3235912322998047,168.64874267578125
1.8250317573547363,2.522966146469116,168.91860961914062
1.8250317573547363,2.522966146469116,168.91860961914062
1.7004560232162476,2.714738130569458,168.84449768066406
1.8444572687149048,2.7622146606445312,168.47198486328125
1.595736026763916,2.841010808944702,168.0999298095703
1.5443788766860962,2.8280463218688965,167.90406799316406
1.5640549659729004,2.808621406555176,167.42645263671875
1.3188412189483643,2.889253854751587,166.87486267089844
1.3188412189483643,2.889253854751587,166.87486267089844
0.9650499224662781,3.088454246520996,166.66436767578125
0.684654176235199,3.39040207862854,166.29501342773438
0.542418897151947,3.5499329566955566,166.00250244140625
0.38039326667785645,3.653195858001709,165.80612182617188
0.0667775571346283,3.7661213874816895,165.3863525390625
-0.3282030522823334,3.989021062850952,164.47012329101562
-0.432619571685791,4.060279846191406,164.2140350341797
-0.6266829371452332,4.201578140258789,163.6785888671875
-1.0347332954406738,4.179577827453613,162.7952880859375
-1.3037824630737305,3.751960277557373,162.0565948486328
-1.3037824630737305,3.751960277557373,162.0565948486328
-1.6331331729888916,3.181042194366455,161.47964477539062
-1.6499820947647095,2.3912570476531982,161.1374053955078
-1.6896193027496338,1.9011938571929932,161.10195922851562
-1.6896193027496338,1.9011938571929932,161.10195922851562
-1.650241732597351,0.9830392003059387,161.40098571777344
-1.6737314462661743,0.3757118880748749,161.91903686523438
-1.725714921951294,0.21982286870479584,162.10519409179688
-1.800866723060608,-0.04336399585008621,162.5233917236328
-1.7855594158172607,-0.23457305133342743,163.05780029296875
-1.7389919757843018,-0.27715909481048584,163.3551025390625
-1.7389919757843018,-0.27715909481048584,163.3551025390625
-1.5455812215805054,-0.3199723958969116,163.2510223388672
-1.4327284097671509,-0.13527335226535797,162.7423095703125
-1.3988010883331299,-0.10857090353965759,162.64044189453125
-1.4041181802749634,-0.1271444410085678,162.5341339111328
-1.2757878303527832,-0.1824648529291153,162.3335723876953
-1.27190101146698,-0.2220269739627838,162.4005889892578
-1.27190101146698,-0.2220269739627838,162.4005889892578
-1.192905306816101,-0.24949751794338226,162.69662475585938
-1.2128914594650269,-0.31717801094055176,163.11363220214844
-1.2266006469726562,-0.36594870686531067,163.2383270263672
-1.3369557857513428,-0.5706806778907776,163.5183563232422
-1.5463968515396118,-0.9117945432662964,163.8078155517578
-1.8275532722473145,-1.2121790647506714,164.0436248779297
-1.8275532722473145,-1.2121790647506714,164.0436248779297
-1.8504430055618286,-1.327777624130249,164.06764221191406
-1.7323253154754639,-1.2167103290557861,164.0654754638672
-1.6692402362823486,-1.1374692916870117,164.04632568359375
-1.6692402362823486,-1.1374692916870117,164.04632568359375
-1.570259928703308,-1.0829730033874512,164.06185913085938
-1.4398231506347656,-1.0591663122177124,164.19305419921875
-1.4811820983886719,-0.964701235294342,164.27345275878906
-1.6541157960891724,-0.8686729669570923,164.43809509277344
-1.6007235050201416,-0.4864256680011749,164.80429077148438
-1.7550886869430542,-0.2756371796131134,164.9187774658203
-1.7550886869430542,-0.2756371796131134,164.9187774658203
-1.6673535108566284,-0.04947693645954132,165.11962890625
-1.6381412744522095,0.4869729280471802,165.3671417236328
-1.5955506563186646,0.658943772315979,165.40501403808594
-1.562956690788269,0.8120148777961731,165.4632568359375
-1.6913621425628662,1.425386905670166,165.9166717529297
-1.782439112663269,1.8004882335662842,166.6598358154297
-1.782439112663269,1.8004882335662842,166.6598358154297
-1.8937468528747559,1.8725653886795044,167.944091796875
-1.915038824081421,1.7647954225540161,168.6399383544922
-1.9046045541763306,1.5713285207748413,169.24024963378906
-1.9046045541763306,1.5713285207748413,169.24024963378906
-1.6167957782745361,1.3089817762374878,169.93472290039062
-1.4151488542556763,1.2091012001037598,170.0282440185547
-1.3515610694885254,1.2067607641220093,169.96250915527344
-1.221935510635376,1.241326928138733,169.75791931152344
-1.1597927808761597,1.2883220911026,169.40261840820312
-1.1670398712158203,1.292846441268921,169.16749572753906
-1.1670398712158203,1.292846441268921,169.16749572753906
-1.1816802024841309,1.2681208848953247,169.10903930664062
-1.3410508632659912,1.3198281526565552,169.25595092773438
-1.3707298040390015,1.3415882587432861,169.3016357421875
-1.3935225009918213,1.3817836046218872,169.3507080078125
-1.4704934358596802,1.551520824432373,169.47747802734375
-1.3381314277648926,1.802012324333191,169.5965576171875
-1.2625954151153564,1.905043125152588,169.6393280029297
-1.080758810043335,2.1317381858825684,169.73745727539062
-0.8820252418518066,2.449221134185791,169.86476135253906
-0.7357863187789917,2.7699480056762695,170.09344482421875
-0.7357863187789917,2.7699480056762695,170.09344482421875
-0.4913215637207031,2.938767433166504,170.42970275878906
-0.2372404932975769,2.982042074203491,170.68138122558594
-0.2372404932975769,2.982042074203491,170.68138122558594
-0.07696778327226639,2.9590933322906494,170.6958770751953
0.45931318402290344,2.7576217651367188,170.55691528320312
0.6889880299568176,2.5210461616516113,170.113037109375
0.8898324966430664,2.456474542617798,169.9582977294922
1.4018288850784302,2.3492932319641113,169.62586975097656
2.0789570808410645,2.281064510345459,169.56607055664062
2.515188217163086,2.249964714050293,169.62896728515625
2.652824878692627,2.306490659713745,169.67062377929688
2.4893860816955566,2.4429826736450195,169.62562561035156
2.172616720199585,2.656843662261963,169.6346893310547
2.100266218185425,2.620936632156372,169.72055053710938
2.0425865650177,2.5458269119262695,169.8487091064453
1.466031551361084,2.485888957977295,170.3411407470703
1.2178893089294434,2.4004909992218018,170.564453125
1.2178893089294434,2.4004909992218018,170.564453125
0.8510821461677551,2.290680408477783,170.59359741210938
0.3890996277332306,2.415102481842041,170.33302307128906
0.2569316625595093,2.426975965499878,170.20635986328125
0.12414263933897018,2.45603346824646,170.07151794433594
-0.2285042405128479,2.4458794593811035,169.66070556640625
-0.5582720637321472,2.518552541732788,169.18600463867188
-0.5582720637321472,2.518552541732788,169.18600463867188
-0.6580066680908203,2.528475046157837,168.96401977539062
-0.6802794933319092,2.513038158416748,168.81109619140625
-0.7014554142951965,2.475252389907837,168.74716186523438
-0.7287638187408447,2.46191143989563,168.72821044921875
-0.8365273475646973,2.3888027667999268,168.7251434326172
-0.8664817214012146,2.337149143218994,168.78390502929688
-0.8511320948600769,2.327514410018921,168.8122100830078
-0.7800713181495667,2.301140308380127,168.8675994873047
-0.6596717238426208,2.249464750289917,168.9300994873047
-0.5451551079750061,2.196131467819214,168.98086547851562
-0.5451551079750061,2.196131467819214,168.98086547851562
-0.4303991496562958,2.153373956680298,169.05836486816406
-0.27522414922714233,2.115671157836914,169.21649169921875
-0.2265263944864273,2.0997817516326904,169.25978088378906
-0.17628587782382965,2.084592819213867,169.30442810058594
-0.05867467820644379,2.0590455532073975,169.43411254882812
0.0839509591460228,2.0430619716644287,169.5874481201172
0.0839509591460228,2.0430619716644287,169.5874481201172
0.19821035861968994,2.025216817855835,169.69810485839844
0.33469101786613464,2.0359559059143066,169.81729125976562
0.4082716405391693,2.052455186843872,169.9027557373047
0.4372863173484802,2.055396795272827,169.94537353515625
0.5078580379486084,2.0684330463409424,170.07675170898438
0.5641164779663086,2.1351847648620605,170.2059326171875
0.5641164779663086,2.1351847648620605,170.2059326171875
0.5934273600578308,2.2090342044830322,170.25221252441406
0.6137351393699646,2.2767698764801025,170.26449584960938
0.6205610036849976,2.319920539855957,170.25733947753906
0.6205610036849976,2.319920539855957,170.25733947753906
0.60323166847229,2.4024484157562256,170.23724365234375
0.5392088890075684,2.5222725868225098,170.20669555664062
0.5176849365234375,2.552077293395996,170.1985626220703
0.47339022159576416,2.613600969314575,170.1847686767578
0.4099644422531128,2.7132084369659424,170.1531982421875
0.34384411573410034,2.8103504180908203,170.1044464111328
0.34384411573410034,2.8103504180908203,170.1044464111328
0.28390252590179443,2.9048616886138916,170.03721618652344
0.2113506942987442,3.0537338256835938,169.94271850585938
0.19960710406303406,3.0930354595184326,169.92449951171875
0.17715610563755035,3.169419765472412,169.89112854003906
0.1530638188123703,3.2901365756988525,169.85931396484375
0.1348128616809845,3.4157230854034424,169.8433074951172
0.1348128616809845,3.4157230854034424,169.8433074951172
0.12984636425971985,3.544597625732422,169.84213256835938
0.1462957262992859,3.6836671829223633,169.8527069091797
0.16804566979408264,3.7847912311553955,169.8621063232422
0.18093162775039673,3.8384552001953125,169.8681182861328
0.24564364552497864,4.0489373207092285,169.89556884765625
0.30772295594215393,4.2273454666137695,169.9261932373047
0.30772295594215393,4.2273454666137695,169.9261932373047
0.35159245133399963,4.355529308319092,169.95379638671875
0.4542306363582611,4.638538360595703,170.0144805908203
0.48449602723121643,4.806979656219482,170.0348358154297
0.4918174147605896,4.897426605224609,170.0367889404297
0.5638188123703003,5.162082195281982,170.02244567871094
0.6416677832603455,5.451889514923096,170.00413513183594
0.6628956198692322,5.554168224334717,170.00408935546875
0.7055869698524475,5.746233940124512,170.0095977783203
0.7467707395553589,6.143988609313965,170.04486083984375
0.7485021948814392,6.352609157562256,170.05120849609375
0.7485021948814392,6.352609157562256,170.05120849609375
0.7580655217170715,6.691094875335693,170.0490264892578
0.7430819869041443,7.169942855834961,170.01242065429688
0.7306641340255737,7.293173789978027,169.99627685546875
0.6980823874473572,7.544586658477783,169.94876098632812
0.6139626502990723,7.941737651824951,169.8313751220703
0.5173249840736389,8.355849266052246,169.6588897705078
0.5173249840736389,8.355849266052246,169.6588897705078
0.3677440583705902,8.93387222290039,169.3731231689453
0.23676812648773193,9.413254737854004,169.15966796875
0.15552815794944763,9.568633079528809,169.07655334472656
0.08395236730575562,9.722644805908203,168.9863739013672
-0.14180375635623932,10.28217887878418,168.6997528076172
-0.25230467319488525,10.72656536102295,168.61691284179688
-0.25230467319488525,10.72656536102295,168.61691284179688
